-17712,92,142,-622,-1,-5,260,-101,-21,18
-17840,93,142,-621,1,1,265,-89,-13,24
-17744,93,142,-621,3,-1,261,-97,-12,24
-17888,93,142,-622,3,-1,261,-88,-15,21
-17744,93,142,-622,3,2,267,-104,-19,17
-17776,91,143,-621,-3,-2,264,-90,-5,27
-17808,90,142,-621,-2,0,261,-91,-15,24
-17744,92,141,-622,3,-3,262,-101,-13,17
-17808,91,142,-622,-1,-6,261,-100,-14,23
-17728,91,142,-622,2,3,260,-97,-16,24
-17808,91,141,-621,-1,-3,265,-92,-13,21
-17792,91,143,-622,3,-3,250,-95,-17,22
-17760,91,143,-621,1,-1,256,-110,-7,18
-17680,90,143,-623,-2,-2,259,-94,-20,26
-17824,91,142,-621,2,-2,263,-99,-16,23
-17760,90,142,-621,3,-6,263,-57,-12,25
-17744,91,143,-621,2,-2,261,-96,-15,28
-17824,90,142,-620,0,-2,266,-96,-12,22
-17872,92,143,-622,2,-2,264,-101,-5,23
-17712,91,143,-622,1,-4,257,-95,-6,39
-17792,91,143,-622,0,-7,259,-99,-8,27
-17712,92,143,-622,-3,-2,264,-95,-2,7
-17856,92,143,-621,0,0,261,-101,2,11
-17856,91,143,-621,-1,1,258,-98,-14,30
-17760,90,143,-621,-1,-1,258,-94,-13,25
-17728,91,145,-621,1,-4,265,-97,-8,21
-17744,90,143,-621,-1,-5,260,-99,-12,22
-17776,92,144,-620,-1,-4,258,-96,-12,22
-17776,91,144,-621,-4,-5,260,-94,-12,23
-17712,91,146,-620,1,-7,260,-95,-15,19
-17792,91,143,-621,0,-1,260,-97,-13,23
-17840,91,143,-620,-3,-5,258,-98,-14,20
-17824,91,145,-620,-2,-4,261,-97,-14,21
-17744,91,143,-622,-2,-4,260,-95,-13,23
-17776,91,143,-621,2,-7,260,-92,-11,22
-17760,89,143,-622,-1,-8,262,-96,-13,26
-17840,93,143,-620,-1,-5,261,-99,-16,20
-17776,92,144,-620,-3,-3,261,-98,-12,25
-17760,91,144,-621,-1,-2,258,-95,-12,21
-17856,91,144,-621,-1,-7,257,-95,-9,23
-17824,92,144,-620,-2,-4,256,-94,-13,22
-17776,93,145,-621,-1,-4,260,-96,-15,26
-17920,92,146,-621,-7,-1,262,-95,-12,25
-17776,92,145,-622,0,-5,261,-97,-13,25
-17840,92,144,-620,-1,-4,261,-90,-12,22
-17792,92,143,-621,1,-4,258,-95,-14,23
-17776,92,145,-621,2,-3,263,-96,-16,24
-17680,92,145,-621,0,-7,260,-96,-17,23
-17824,91,144,-622,-1,-3,261,-93,-16,26
-17824,92,144,-621,-3,-4,262,-97,-13,25
-17712,92,144,-621,-3,-2,263,-97,-16,19
-17776,93,143,-621,-1,-9,260,-99,-13,22
-17712,91,143,-620,0,-7,260,-96,-9,23
-17696,92,143,-620,0,-3,263,-98,-16,20
-17840,93,144,-621,4,-9,262,-94,-14,24
-17936,92,144,-621,-3,-3,264,-95,-11,22
-17776,90,144,-621,0,-3,260,-98,-11,24
-17840,92,144,-621,-2,-3,263,-97,-9,23
-17776,92,144,-621,-2,0,257,-93,-11,22
-17776,92,143,-622,0,-4,261,-96,-13,26
-17712,92,143,-620,0,-2,259,-96,-13,23
-17760,91,144,-620,-1,-1,260,-97,-19,17
-17680,92,144,-621,-1,-4,266,-91,-15,22
-17808,93,145,-621,-2,-4,263,-95,-9,21
-17824,91,145,-620,2,-6,261,-95,-13,20
-17808,92,143,-620,-4,-4,263,-98,-17,21
-17776,91,143,-619,-3,-1,263,-97,-12,24
-17760,92,144,-621,-1,-4,263,-90,-15,22
-17712,91,143,-621,3,-4,257,-91,-13,26
-17776,92,144,-621,0,-4,258,-96,-16,21
-17760,92,144,-622,-6,-2,262,-92,-16,22
-17680,91,143,-621,1,-2,262,-93,-15,24
-17840,91,144,-621,-1,-3,258,-97,-14,20
-17744,91,145,-621,2,-3,257,-98,-15,21
-17760,92,144,-622,2,-2,258,-91,-18,22
-17648,91,144,-620,0,-6,261,-96,-15,21
-17792,92,144,-619,1,0,262,-94,-16,24
-17744,90,144,-621,-2,-1,260,-94,-11,26
-17712,92,145,-621,2,0,261,-93,-14,20
-17696,93,144,-621,-2,0,263,-93,-9,23
-17712,93,143,-622,-1,-3,260,-95,-12,22
-17712,93,145,-621,2,-3,260,-93,-14,25
-17728,93,144,-620,1,-2,259,-94,-16,29
-17712,93,144,-621,-1,-1,262,-93,-13,24
-17680,91,143,-620,2,-9,259,-95,-15,22
-17744,90,144,-621,-4,-7,260,-97,-13,19
-17824,92,144,-620,-1,-3,257,-95,-16,24
-17712,91,146,-621,-1,-3,261,-94,-16,22
-17712,91,144,-620,2,-4,259,-95,-15,23
-17728,92,144,-622,0,-4,256,-95,-17,23
-17728,92,144,-620,-2,-2,263,-95,-12,19
-17760,92,145,-621,-1,-2,263,-97,-17,24
-17888,90,145,-620,1,-6,262,-93,-17,21
-17728,92,144,-621,-2,-1,262,-93,-16,20
-17680,91,144,-621,-1,-2,263,-93,-14,23
-17856,91,144,-621,2,-3,265,-93,-12,25
-17968,92,144,-621,-1,-1,262,-95,-16,25
-17776,92,144,-620,-1,-1,262,-98,-14,25
-17712,92,143,-621,-2,0,259,-95,-14,25
-17744,91,143,-621,-1,-5,262,-97,-12,20
-17840,93,143,-622,-2,-3,255,-96,-20,22
-17664,92,145,-620,-1,-2,264,-91,-10,20
-17776,90,145,-621,-3,-2,262,-94,-14,24
-17728,92,144,-620,-3,-2,260,-97,-8,21
-17712,92,142,-621,-3,-1,256,-91,-12,23
-17840,92,143,-621,-3,-4,259,-95,-15,21
-17744,91,144,-622,3,-1,258,-92,-12,23
-17808,93,144,-621,0,-1,261,-98,-15,23
-17680,91,143,-621,-2,-4,261,-92,-10,18
-17840,92,144,-622,-2,-4,258,-96,-15,20
-17792,91,142,-621,2,-3,255,-93,-11,24
-17776,92,144,-621,-1,-3,260,-100,-16,23
-17776,92,144,-621,0,-5,262,-96,-10,21
-17664,92,144,-621,-3,-2,260,-93,-9,24
-17680,92,144,-619,-1,-3,263,-96,-12,19
-17808,91,144,-621,2,-6,259,-98,-14,24
-17840,92,144,-622,2,-3,262,-97,-17,22
-17840,91,144,-621,2,-1,259,-95,-17,22
-17760,91,145,-622,-3,-5,259,-98,-14,24
-17856,93,143,-622,2,-5,262,-93,-16,24
-17760,91,144,-621,-2,-12,256,-97,-15,25
-17856,92,144,-621,0,-5,262,-95,-15,20
-17712,91,145,-622,-2,-2,261,-95,-16,21
-17792,92,144,-621,1,-4,262,-97,-13,23
-17744,93,144,-621,-2,-3,262,-97,-13,21
-17776,93,144,-621,-2,-7,258,-98,-15,22
-17744,92,144,-620,-2,-2,259,-96,-11,25
-17824,92,143,-622,-1,0,261,-98,-14,23
-17712,92,145,-621,1,-4,260,-95,-15,20
-17824,91,144,-620,-3,-4,263,-94,-12,20
-17776,92,144,-621,-4,-2,260,-93,-14,21
-17792,92,144,-622,1,-3,261,-96,-11,26
-17808,92,145,-622,-6,-3,262,-94,-14,23
-17840,91,144,-621,-1,-5,260,-94,-15,19
-17728,93,144,-622,-2,1,257,-96,-17,24
-17824,92,145,-620,-4,1,257,-95,-12,25
-17760,92,145,-621,-2,-4,260,-95,-13,22
-17840,92,144,-622,-2,-3,259,-100,-14,20
-17744,92,144,-622,-4,-3,263,-95,-11,26
-17744,92,144,-621,-1,-3,263,-93,-12,21
-17728,92,144,-622,-1,-6,261,-95,-15,21
-17744,92,144,-622,-2,-3,263,-94,-13,20
-17728,90,142,-621,1,-5,263,-95,-14,22
-17824,92,143,-621,-1,-1,259,-91,-16,24
-17744,92,145,-622,-3,-6,260,-95,-14,24
-17808,92,145,-622,-2,-1,260,-91,-11,20
-17744,91,144,-621,0,-2,259,-97,-14,22
-17856,93,144,-623,0,-5,261,-93,-18,20
-17936,92,145,-621,-2,-6,262,-97,-19,23
-17840,93,144,-622,-2,-1,260,-97,-17,22
-17856,92,144,-621,2,-7,259,-92,-14,22
-17840,92,143,-621,-3,-3,261,-96,-12,22
-17808,92,145,-621,-1,-3,262,-96,-16,24
-17840,92,144,-623,-4,-8,255,-94,-13,20
-17792,92,146,-621,-4,-3,262,-99,-8,23
-17824,92,144,-622,2,-2,260,-97,-12,22
-17840,91,145,-622,-1,-1,256,-97,-12,25
-17744,92,145,-622,-3,-4,259,-96,-13,22
-17920,92,145,-621,-1,-3,260,-92,-13,26
-17760,91,145,-622,-6,-1,260,-97,-12,25
-17936,93,146,-624,-1,-3,259,-93,-13,20
-17824,92,144,-622,3,-3,263,-95,-16,21
-17840,92,144,-621,2,-6,261,-95,-12,24
-17840,91,144,-620,1,3,264,-96,-15,22
-17936,93,144,-622,2,-5,257,-96,-14,23
-17856,92,142,-622,-1,-3,261,-96,-14,22
-17840,91,144,-622,2,0,262,-97,-12,24
-17776,92,145,-621,-2,-5,264,-92,-14,26
-17792,93,144,-621,0,-4,258,-94,-12,23
-17760,90,144,-621,-1,-3,261,-94,-17,23
-17840,93,144,-622,-2,-2,261,-98,-15,26
-17936,92,144,-623,0,-4,259,-93,-12,24
-17792,92,144,-622,0,-2,263,-97,-12,21
-17776,92,144,-623,-3,-4,261,-99,-13,22
-17808,91,145,-622,-1,-5,259,-94,-11,22
-17776,93,143,-621,-2,-2,261,-96,-11,21
-17808,93,145,-621,-2,-1,259,-95,-14,19
-17808,91,144,-621,-1,-4,261,-95,-17,21
-17840,91,145,-622,-1,-3,262,-94,-15,22
-17776,91,144,-622,-1,-3,255,-94,-15,26
-17808,91,143,-621,-2,-4,259,-93,-13,20
-17920,93,145,-623,-2,-4,260,-96,-15,30
-17920,92,144,-622,0,-5,263,-96,-11,22
-17904,93,145,-622,-1,-2,260,-95,-12,22
-17776,92,145,-622,0,-5,260,-101,-12,24
-17792,92,145,-623,-1,-4,263,-93,-12,24
-17808,92,143,-622,0,-5,258,-94,-16,20
-17792,93,145,-623,1,-1,258,-94,-11,21
-17872,92,144,-622,5,-4,256,-93,-12,25
-17936,92,145,-623,1,0,262,-96,-16,24
-17872,91,144,-623,-4,-6,263,-95,-14,22
-17840,92,144,-623,1,-2,263,-93,-10,22
-17904,92,144,-622,1,-7,261,-95,-14,21
-17872,91,145,-623,-2,-4,260,-93,-10,23
-17920,91,144,-622,-6,-3,259,-95,-12,23
-17968,92,144,-622,-6,-2,260,-97,-15,26
-17856,92,144,-623,4,2,262,-94,-10,23
-17904,93,144,-623,2,-13,260,-94,-10,20
-17904,93,144,-621,0,-1,261,-93,-12,24
-17904,91,143,-623,-3,-2,258,-96,-11,22
-17920,92,143,-622,-8,-1,261,-97,-13,24
-17824,91,144,-623,-2,-3,262,-97,-15,26
-17936,93,145,-622,-1,-5,258,-94,-11,21
-17856,91,143,-623,0,-4,261,-99,-12,19
-17936,94,144,-623,-2,-3,261,-95,-13,20
-17840,92,145,-622,-4,-5,257,-94,-16,20
-17952,93,144,-623,0,-3,259,-98,-11,23
-17840,91,144,-623,-1,-2,263,-93,-16,23
-17856,91,144,-622,0,-2,260,-94,-15,21
-17952,91,143,-622,-5,-2,262,-94,-14,22
-17872,92,144,-622,-1,-4,260,-93,-13,24
-17936,92,144,-623,-3,-3,259,-96,-15,23
-17920,93,144,-623,-2,-4,259,-93,-15,25
-17824,91,146,-622,-2,-1,258,-97,-14,23
-18000,92,144,-623,-3,-1,262,-95,-16,21
-17968,92,145,-624,-4,-2,259,-94,-13,22
-17840,93,144,-624,-3,-6,259,-95,-11,22
-17968,94,146,-622,0,-6,262,-95,-13,22
-18048,93,143,-623,5,-12,255,-95,-8,25
-17936,92,143,-623,-7,-7,264,-95,-15,23
-17856,92,145,-623,-2,-6,261,-93,-10,27
-17872,93,144,-623,-3,2,263,-95,-13,24
-17888,92,145,-622,-1,1,260,-96,-11,18
-17952,91,145,-622,-1,1,261,-95,-14,22
-17968,92,144,-624,0,-4,261,-94,-12,21
-17936,92,144,-622,-2,-1,263,-96,-14,21
-17872,92,143,-623,-1,-4,260,-97,-14,25
-17920,92,145,-623,-2,-3,262,-95,-16,20
-17840,91,143,-624,2,-6,259,-94,-14,25
-17952,93,145,-622,-1,-5,258,-97,-11,19
-17968,92,145,-623,-2,-1,260,-98,-15,21
-18016,92,144,-623,-1,-5,263,-95,-15,20
-17904,91,145,-622,-1,-7,262,-93,-12,20
-17840,94,144,-623,0,-5,262,-96,-14,19
-17920,92,143,-622,0,-6,261,-96,-12,24
-17936,92,144,-622,-1,-4,262,-93,-8,26
-17936,93,145,-622,1,-5,261,-95,-12,21
-17856,91,145,-623,-1,-6,261,-95,-12,22
-17936,93,145,-622,-3,-1,260,-94,-16,24
-17936,92,146,-622,2,-1,261,-93,-16,19
-17872,91,143,-623,-1,0,268,-93,-17,23
-17840,92,144,-624,-2,-3,258,-97,-14,21
-17968,91,144,-623,4,-10,261,-94,-15,23
-17904,92,144,-622,-1,0,263,-96,-12,24
-18128,92,144,-622,0,-3,262,-94,-10,24
-18000,92,144,-622,-3,-3,257,-97,-14,21
-17936,91,145,-623,-1,-2,263,-94,-13,18
-17968,93,144,-623,0,-7,263,-97,-11,23
-17856,90,146,-623,-1,-6,263,-92,-14,24
-17936,93,144,-623,-1,-1,259,-98,-12,23
-17936,92,145,-622,-3,-4,261,-95,-14,21
-17936,93,145,-624,-3,-3,259,-90,-13,21
-17968,92,145,-623,1,-5,262,-96,-16,22
-17920,91,144,-622,1,-6,258,-96,-12,19
-17904,92,144,-622,0,-4,261,-96,-18,24
-17936,91,144,-622,0,-2,262,-95,-14,22
-17936,92,144,-622,3,-1,263,-99,-14,27
-17984,92,145,-623,0,7,264,-96,-14,24
-18096,91,143,-622,0,-6,263,-98,-11,24
-17936,92,145,-622,0,-5,262,-96,-13,23
-17968,92,144,-623,3,-3,260,-96,-11,24
-17936,91,143,-623,2,0,261,-93,-15,24
-17856,92,146,-622,-3,-2,256,-96,-11,22
-17872,92,145,-623,-1,-5,261,-98,-13,18
-17952,90,144,-623,0,-4,263,-95,-15,26
-18032,90,144,-622,-2,-3,262,-99,-17,19
-17952,91,146,-623,-4,-1,262,-97,-13,24
-17968,92,144,-623,2,-4,264,-95,-12,23
-17904,92,144,-621,2,-4,264,-96,-15,23
-17824,92,146,-622,0,-1,260,-94,-13,22
-17840,92,145,-624,2,-2,262,-95,-13,27
-17952,92,144,-623,-3,-4,261,-93,-11,20
-17776,93,144,-623,-1,-5,261,-98,-14,23
-17920,92,144,-623,-1,-3,259,-95,-14,20
-17952,92,144,-622,-1,-1,260,-95,-12,25
-17936,92,146,-623,-2,-1,262,-93,-13,23
-17904,93,144,-623,-1,-1,261,-91,-15,19
-17904,90,144,-622,0,-6,261,-94,-11,20
-17776,92,144,-623,2,-4,262,-91,-15,23
-17936,91,144,-623,-5,-4,259,-94,-13,22
-17776,93,144,-623,-1,-2,262,-98,-17,22
-17840,92,144,-622,-1,-4,259,-97,-16,25
-17776,92,145,-623,-2,-2,260,-96,-13,25
-17808,92,145,-623,1,-1,262,-96,-14,20
-17792,92,146,-623,-3,-1,259,-90,-12,18
-17856,89,144,-623,2,2,266,-97,-14,22
-17840,92,145,-621,2,0,261,-98,-15,21
-17808,91,144,-622,-2,0,260,-96,-15,26
-17920,91,146,-622,-1,-5,262,-93,-16,22
-17968,93,144,-623,-2,-2,264,-95,-13,20
-17776,91,144,-622,-2,0,261,-96,-13,20
-17856,93,145,-623,1,-2,263,-95,-17,22
-17904,92,145,-622,-5,-4,257,-97,-12,23
-17920,93,144,-623,-2,-2,261,-98,-14,20
-17760,92,144,-623,2,-7,261,-93,-13,24
-17856,93,145,-623,-3,-6,259,-94,-13,25
-17904,91,145,-623,0,-2,262,-97,-15,24
-17840,91,144,-622,0,-6,259,-96,-15,26
-17808,92,144,-622,-1,-2,261,-94,-17,22
-17840,91,145,-621,-2,-6,263,-92,-14,20
-17968,91,145,-622,0,-1,261,-95,-12,22
-17776,91,144,-622,0,-5,259,-94,-15,21
-17792,92,144,-622,-1,-6,261,-97,-15,18
-17968,91,146,-623,-1,-4,262,-93,-12,24
-17824,94,143,-622,-1,0,256,-95,-14,22
-17952,91,146,-624,-12,-5,265,-95,-15,24
-17920,91,144,-622,-2,0,258,-95,-16,25
-17920,90,144,-622,-1,-1,260,-94,-19,24
-17968,92,144,-622,-1,-2,258,-94,-15,25
-17920,91,144,-621,-1,-4,257,-93,-15,22
-17936,91,144,-622,-1,-3,260,-97,-11,24
-17952,91,144,-621,-2,-2,260,-93,-12,19
-17808,92,145,-622,1,-2,260,-95,-16,23
-17824,93,144,-623,1,-3,262,-93,-15,19
-17920,90,144,-622,-2,0,263,-96,-9,22
-17872,91,144,-622,2,-2,260,-92,-14,24
-17904,93,144,-622,0,-7,261,-96,-11,24
-17936,91,144,-624,1,-2,262,-98,-16,20
-17920,91,145,-621,2,-4,261,-94,-14,24
-17904,92,144,-622,2,-5,260,-95,-9,21
-18000,92,145,-623,-2,-3,257,-96,-14,20
-17936,91,145,-623,0,-2,263,-95,-12,22
-17840,92,145,-623,-4,-3,259,-91,-12,21
-17968,92,145,-624,0,1,257,-89,-15,27
-17936,92,145,-622,2,-3,263,-92,-14,26
-18048,92,145,-623,2,-7,261,-95,-12,19
-17968,92,144,-623,4,-5,261,-94,-14,22
-17984,93,143,-623,-4,-6,263,-96,-18,22
-17952,91,145,-623,-4,-1,266,-93,-15,21
-18016,93,144,-623,0,-2,261,-94,-14,22
-18016,93,145,-624,-1,-4,256,-94,-12,23
-18000,92,144,-623,-2,-2,259,-96,-7,21
-17968,92,145,-624,1,-4,259,-93,-12,21
-18016,92,145,-624,3,-5,260,-92,-13,25
-18000,92,144,-622,0,-6,258,-97,-16,21
-18080,91,145,-622,-2,-4,265,-97,-15,25
-18048,92,144,-624,-1,-2,260,-99,-16,26
-17968,92,145,-624,-1,-1,259,-94,-16,22
-18016,92,145,-625,1,-6,262,-96,-14,22
-18144,92,145,-623,-1,-8,259,-93,-11,20
-18032,93,144,-623,1,-2,260,-95,-11,23
-17968,93,143,-623,1,0,261,-92,-13,24
-18032,91,144,-624,-1,-7,258,-94,-15,21
-17984,92,144,-622,-4,-4,262,-95,-13,22
-18112,91,146,-623,0,-2,262,-99,-15,21
-18080,91,144,-624,-3,-4,261,-93,-16,18
-18064,92,144,-624,-4,-5,260,-96,-13,24
-18112,91,143,-625,-1,-1,264,-98,-14,21
-18176,94,146,-624,-2,-2,254,-96,-14,23
-18032,91,144,-623,-5,-3,259,-90,-14,19
-18144,92,144,-624,2,-4,266,-93,-12,24
-18096,93,145,-622,-4,-1,264,-96,-14,26
-18096,93,145,-623,-1,-5,258,-91,-13,22
-18032,92,146,-624,-4,-3,258,-93,-13,20
-18032,92,143,-624,-1,-3,259,-95,-13,21
-18128,91,144,-623,-3,-4,259,-95,-14,22
-18096,91,145,-624,-3,-5,263,-98,-10,25
-18080,92,145,-624,-3,-5,263,-92,-12,25
-18000,93,144,-624,1,-5,264,-97,-15,22
-18096,93,144,-624,1,-3,261,-91,-12,20
-18000,92,145,-624,-2,-6,260,-97,-12,25
-18192,91,145,-625,-4,-3,263,-97,-13,24
-18000,93,145,-624,2,-10,260,-94,-12,21
-18096,92,144,-625,-4,-3,264,-96,-13,19
-18064,93,144,-624,-1,-5,263,-96,-11,23
-18064,93,144,-625,2,0,263,-92,-10,24
-18032,93,144,-624,-3,-3,261,-91,-14,21
-17968,94,145,-625,-4,-5,255,-95,-15,22
-18096,92,143,-623,-6,1,262,-96,-13,22
-17968,91,145,-624,-1,-1,262,-93,-11,23
-18144,93,144,-625,-2,-5,264,-98,-12,21
-18048,93,143,-625,-2,-2,258,-93,-13,21
-18048,92,143,-624,-5,1,258,-95,-14,24
-18000,92,144,-625,0,-3,263,-91,-13,26
-18064,92,144,-624,3,-3,263,-99,-18,23
-18080,92,144,-624,-2,-3,260,-96,-13,23
-18000,91,143,-624,-4,-3,262,-93,-12,22
-17968,92,145,-623,-1,-5,263,-95,-14,23
-18144,92,146,-623,0,-7,261,-96,-15,22
-18112,93,144,-624,-4,-6,261,-95,-14,25
-17968,91,144,-624,-1,-6,266,-92,-13,22
-18096,91,143,-624,2,-8,264,-94,-18,23
-18096,94,142,-624,1,-6,258,-92,-15,25
-18064,93,146,-624,1,-4,259,-94,-17,24
-18096,93,144,-625,-3,-3,261,-96,-11,23
-17936,92,145,-625,-4,-4,260,-94,-14,20
-18000,93,143,-624,-1,-7,262,-94,-14,21
-18032,93,145,-624,-2,-5,259,-92,-10,21
-18000,92,145,-624,-4,-7,262,-94,-11,23
-17952,93,145,-624,3,-5,262,-93,-11,24
-18000,92,144,-624,-2,-4,262,-92,-13,24
-18096,92,144,-624,-1,-4,261,-93,-13,23
-18016,93,144,-624,1,1,261,-95,-12,21
-18048,93,144,-623,-1,-4,261,-94,-14,21
-17968,91,144,-624,2,-2,266,-92,-15,22
-17984,92,145,-624,-2,-6,263,-97,-16,26
-18000,92,144,-622,-5,-3,258,-99,-13,19
-18000,92,144,-625,-1,-1,263,-94,-15,27
-18096,93,144,-624,-4,-4,262,-97,-11,25
-18000,92,143,-623,-3,-2,263,-95,-13,24
-18000,93,144,-623,4,-6,262,-92,-11,19
-18048,92,144,-624,2,-4,260,-96,-16,21
-18000,92,144,-624,4,-7,261,-95,-12,22
-18032,91,144,-624,1,-4,259,-97,-14,22
-18032,92,144,-623,0,-6,262,-93,-15,19
-18032,93,144,-624,-1,-3,261,-95,-18,22
-18016,92,142,-624,-4,-4,260,-95,-15,21
-18080,92,144,-624,4,-6,261,-95,-13,21
-17968,92,145,-625,-3,-3,261,-93,-13,21
-18032,92,144,-624,2,1,260,-94,-16,22
-17984,92,144,-623,-1,-4,259,-93,-15,29
-18096,92,144,-625,0,-4,261,-94,-13,19
-18144,91,144,-624,0,-2,257,-97,-13,25
-18032,93,144,-625,-3,-6,263,-93,-12,23
-18032,92,144,-625,-4,-3,259,-92,-13,22
-18096,91,143,-624,0,-1,260,-96,-9,23
-18064,92,144,-624,5,0,264,-95,-14,26
-17984,92,144,-626,-4,-5,263,-95,-12,23
-18096,93,143,-624,-1,-4,262,-97,-14,25
-18176,92,145,-625,-4,-3,256,-97,-12,25
-18224,92,144,-624,-3,-3,262,-94,-13,23
-18032,92,143,-623,0,-4,260,-95,-11,24
-17968,93,144,-624,0,-4,260,-94,-14,19
-18096,93,144,-625,0,-1,260,-95,-14,21
-18128,92,144,-624,-3,-1,253,-95,-16,21
-18032,92,144,-626,-4,-7,263,-95,-11,21
-18032,93,144,-624,-2,-4,260,-93,-14,23
-18096,92,145,-624,1,-7,263,-92,-9,24
-18128,93,143,-624,-3,-3,260,-93,-14,25
-18224,92,143,-625,-4,-2,261,-93,-13,22
-18128,92,143,-625,-2,-2,258,-91,-12,23
-18224,92,144,-625,-2,-7,258,-94,-13,22
-18112,92,146,-625,-3,-4,265,-90,-9,22
-18128,93,145,-624,-3,-6,257,-95,-9,22
-18128,92,143,-624,3,1,266,-95,-17,19
-18128,93,144,-624,-4,-3,262,-97,-11,22
-18192,92,144,-623,-2,-7,263,-95,-13,21
-18192,92,145,-624,-4,-4,263,-98,-13,21
-18192,92,144,-624,-1,-4,263,-92,-11,23
-18128,94,144,-623,-2,-5,262,-96,-12,24
-18224,93,144,-625,-7,-3,266,-93,-13,22
-18224,93,145,-625,-1,-9,263,-97,-12,23
-18112,92,143,-623,-3,-5,262,-94,-9,28
-18128,92,143,-625,2,-2,261,-99,-12,23
-18192,93,146,-624,1,-6,259,-91,-13,26
-18032,92,144,-625,9,-5,262,-95,-13,23
-18208,93,144,-624,-4,-6,262,-96,-12,19
-18192,92,145,-625,-3,-3,260,-93,-16,25
-18032,91,144,-625,1,-9,265,-95,-16,22
-18048,92,144,-625,-1,-4,264,-94,-13,26
-18096,92,143,-626,1,0,260,-92,-19,22
-18000,93,145,-624,-1,0,259,-96,-13,21
-18128,91,142,-625,-2,-2,263,-92,-12,19
-18160,93,144,-625,0,-4,265,-94,-14,21
-18128,93,144,-625,-3,1,262,-94,-12,22
-18080,90,144,-626,-1,1,260,-96,-15,27
-18096,92,144,-624,1,-4,260,-92,-12,24
-18128,94,143,-623,3,-5,264,-98,-17,22
-18128,92,145,-625,-1,-3,259,-90,-13,20
-18032,92,144,-623,-2,-4,262,-95,-14,26
-17984,92,144,-624,-3,-4,263,-90,-12,24
-18032,93,145,-625,-1,-1,259,-92,-18,22
-18064,93,145,-626,1,-2,260,-97,-11,22
-18128,92,144,-624,0,-2,258,-95,-14,21
-18048,93,145,-623,-4,-2,261,-92,-13,26
-18096,93,145,-624,-1,-4,263,-94,-17,18
-18000,91,144,-624,0,-2,255,-91,-16,26
-17936,92,145,-624,1,1,260,-93,-11,22
-17936,92,143,-624,1,-4,260,-96,-9,24
-18032,94,144,-625,0,-6,264,-94,-13,24
-18048,92,145,-623,3,0,261,-95,-16,20
-18064,91,145,-625,-3,-3,264,-97,-12,23
-18112,92,145,-623,1,-3,263,-96,-13,23
-18016,94,144,-624,-1,-3,263,-93,-15,22
-18048,92,145,-624,-1,-7,263,-93,-14,22
-18000,93,144,-623,2,-1,261,-96,-14,25
-18128,92,144,-624,-4,-6,263,-95,-12,24
-18000,93,144,-624,-3,-2,264,-96,-13,18
-18032,92,143,-624,0,-5,260,-96,-13,21
-18000,91,144,-623,1,-2,261,-95,-14,25
-18144,92,144,-625,0,-3,263,-96,-16,22
-18032,92,143,-624,-1,0,261,-94,-12,19
-17968,92,143,-624,-5,-2,260,-94,-17,24
-17936,91,144,-624,2,-3,262,-101,-14,25
-18032,93,143,-623,2,-6,261,-95,-9,22
-18128,91,144,-623,-1,0,263,-94,-15,22
-17968,93,145,-622,-3,-3,261,-96,-14,24
-18000,91,144,-624,1,-2,263,-93,-14,21
-18048,91,143,-624,2,-3,265,-97,-16,22
-18064,92,144,-623,0,0,256,-99,-13,22
-18032,93,143,-625,0,-6,262,-94,-11,25
-18016,92,144,-624,0,-5,265,-95,-14,21
-18144,92,145,-624,-2,-3,267,-97,-14,23
-17968,92,145,-624,-2,-4,262,-93,-16,22
-18064,93,144,-624,2,-3,262,-92,-13,15
-17968,93,145,-625,3,0,263,-98,-15,21
-17968,93,144,-624,-1,-4,262,-90,-13,25
-17968,92,144,-623,-1,-2,261,-93,-13,24
-18000,92,145,-625,3,-3,266,-94,-11,21
-18032,91,146,-625,-1,-2,262,-94,-10,22
-18000,91,144,-623,-1,-1,260,-95,-9,21
-18064,94,144,-623,-3,-2,261,-95,-14,24
-18000,92,143,-623,-3,-4,263,-94,-16,21
-18064,90,143,-624,-5,-6,261,-98,-12,23
-18016,93,145,-623,1,0,262,-96,-12,22
-17920,92,144,-624,-2,-3,259,-93,-17,20
-18080,92,145,-626,2,-3,263,-98,-16,21
-18048,92,145,-624,4,-3,261,-93,-14,24
-18080,93,143,-624,-3,1,259,-92,-15,26
-17968,92,144,-624,-2,-7,261,-95,-13,24
-18016,93,144,-624,1,1,262,-98,-13,26
-18016,92,145,-623,-1,-4,261,-96,-12,19
-18128,91,144,-623,-1,-2,261,-97,-14,19
-17968,93,146,-624,0,-7,264,-90,-13,25
-18064,92,144,-623,3,-2,261,-97,-14,23
-18000,93,144,-622,5,2,262,-92,-15,20
-18032,91,144,-624,1,-2,256,-96,-13,24
-18032,92,145,-625,-4,-4,257,-95,-11,25
-18016,93,143,-624,1,-2,258,-101,-15,22
-18128,93,145,-624,0,-2,262,-92,-9,21
-18032,93,145,-624,-3,-1,263,-92,-15,18
-18048,91,144,-624,2,-5,261,-92,-12,24
-18128,92,144,-624,-3,-1,255,-99,-15,23
-18064,92,145,-624,-2,-1,260,-92,-16,22
-18080,93,145,-624,0,-1,262,-95,-16,22
-18048,92,144,-625,-5,-2,262,-98,-18,20
-18096,93,146,-625,4,-5,260,-97,-12,18
-18032,93,145,-625,-6,-5,260,-97,-13,23
-18144,92,144,-623,-4,-5,264,-92,-13,21
-18128,92,144,-626,-3,-1,262,-97,-12,23
-18096,92,144,-625,3,-8,263,-95,-14,23
-18032,93,144,-627,-5,-6,263,-94,-13,25
-18176,93,144,-625,-3,-7,262,-92,-16,23
-18032,92,144,-624,2,2,259,-95,-17,23
-18016,92,143,-624,-1,-6,266,-95,-14,20
-18096,94,145,-624,2,-1,264,-95,-15,25
-18096,93,143,-623,-1,-4,263,-96,-17,21
-18192,93,144,-624,-1,-1,263,-94,-16,19
-18144,92,144,-625,1,-3,264,-94,-9,21
-18048,93,145,-624,3,-2,261,-96,-16,23
-18048,92,143,-625,2,0,258,-96,-13,24
-18096,94,144,-623,-3,-5,260,-96,-12,20
-18096,93,143,-625,-2,-3,259,-92,-13,23
-18096,92,144,-624,-4,-4,260,-95,-13,20
-18096,91,145,-625,1,1,262,-96,-14,22
-18160,93,143,-625,-5,-2,259,-94,-13,21
-18096,92,144,-625,-2,-2,259,-97,-13,20
-18256,92,145,-626,0,-4,264,-97,-11,23
-18160,92,143,-625,-4,-4,258,-96,-12,18
-18176,93,145,-624,-5,-7,263,-94,-12,21
-18192,93,144,-625,1,-5,263,-93,-11,24
-18192,92,144,-626,0,2,260,-94,-16,22
-18208,94,144,-626,1,-4,262,-93,-14,23
-18224,93,144,-624,-1,0,260,-91,-12,17
-18224,93,144,-626,-1,-6,263,-93,-13,24
-18240,92,145,-625,-2,-7,264,-92,-13,21
-18272,94,144,-625,-1,-1,265,-93,-14,21
-18272,93,144,-625,-1,-4,261,-96,-14,26
-18320,94,144,-626,0,-2,259,-92,-12,23
-18208,92,144,-625,-3,-2,260,-94,-14,24
-18192,92,144,-625,-1,-3,259,-95,-14,22
-18128,93,145,-626,-3,-8,265,-91,-17,20
-18224,93,144,-626,-6,-3,255,-95,-12,22
-18176,93,144,-624,-4,-3,262,-92,-16,24
-18192,94,144,-625,-3,-3,258,-93,-13,23
-18176,91,146,-625,-4,-6,263,-93,-10,21
-18240,93,143,-625,6,-3,265,-97,-16,19
-18160,93,145,-625,-3,-5,261,-94,-12,19
-18272,91,143,-626,-1,-4,261,-94,-13,20
-18224,91,144,-625,4,-5,260,-94,-11,21
-18272,93,144,-623,0,-2,260,-93,-12,22
-18224,93,144,-626,0,-3,262,-93,-14,19
-18224,92,145,-625,-2,-5,263,-92,-15,21
-18240,93,143,-623,-1,-3,261,-96,-16,19
-18192,92,144,-624,2,-6,259,-95,-18,24
-18224,93,145,-625,-4,-4,262,-95,-15,20
-18272,93,145,-624,-2,-4,262,-99,-18,21
-18288,93,145,-626,-2,-4,263,-96,-15,27
-18272,92,144,-625,-2,-6,261,-93,-16,23
-18224,93,144,-625,-4,-5,263,-88,-11,22
-18272,93,143,-626,0,-1,260,-97,-13,20
-18288,92,145,-625,-2,-4,260,-99,-13,25
-18128,93,146,-625,-5,-4,262,-92,-16,20
-18256,91,145,-624,-6,-5,261,-93,-13,23
-18256,92,144,-624,0,-3,262,-93,-13,22
-18224,93,146,-626,1,-4,262,-94,-14,24
-18208,92,143,-625,-1,-4,267,-93,-12,22
-18256,92,146,-624,-5,-6,265,-93,-13,21
-18272,92,145,-625,1,-1,261,-92,-15,22
-18192,92,145,-626,1,1,267,-93,-14,22
-18336,91,144,-625,0,-2,260,-96,-13,23
-18256,93,144,-626,-3,-4,263,-94,-16,22
-18304,92,144,-626,1,-7,263,-98,-12,23
-18304,93,144,-625,0,-5,263,-96,-14,23
-18272,93,143,-624,0,-6,261,-92,-15,20
-18224,91,144,-625,0,-3,262,-93,-18,17
-18288,90,143,-624,-4,-4,262,-96,-15,22
-18176,92,145,-624,-1,-4,264,-94,-16,22
-18288,93,145,-625,-2,-4,261,-97,-12,19
-18256,92,144,-625,-2,-5,255,-96,-15,20
-18176,93,144,-624,-2,-5,266,-91,-16,20
-18352,92,144,-626,0,-2,261,-93,-14,21
-18304,94,145,-626,1,2,263,-96,-16,23
-18208,92,143,-625,-1,-2,261,-96,-14,22
-18256,93,143,-625,4,-4,264,-93,-13,22
-18256,92,144,-626,0,-1,262,-91,-15,22
-18224,93,146,-624,-4,-4,258,-93,-14,21
-18272,92,144,-623,-4,-7,264,-93,-14,23
-18256,93,145,-625,-3,-7,264,-91,-14,24
-18288,92,143,-626,-4,-2,261,-97,-13,24
-18224,91,145,-625,1,-1,263,-98,-11,22
-18176,93,144,-625,0,-4,260,-95,-15,22
-18224,93,144,-624,-2,-4,262,-95,-12,27
-18224,92,145,-624,2,0,262,-93,-17,22
-18192,92,144,-625,-1,-7,263,-93,-11,24
-18320,92,143,-625,-4,-3,260,-93,-15,21
-18288,92,144,-625,-1,-5,264,-93,-12,20
-18176,93,144,-624,0,-2,263,-92,-10,22
-18224,92,143,-624,-3,2,262,-91,-13,21
-18240,94,143,-624,-5,-2,258,-93,-13,23
-18224,91,143,-625,0,-3,261,-94,-12,21
-18272,91,144,-626,-2,-4,262,-92,-12,22
-18224,93,145,-625,-2,-1,261,-95,-12,18
-18176,93,144,-625,-3,-8,263,-94,-11,23
-18208,93,144,-624,1,-3,261,-96,-14,25
-18336,93,144,-627,-2,-3,261,-90,-14,23
-18240,91,143,-625,-6,-3,258,-91,-13,20
-18224,92,144,-625,-2,-5,264,-94,-13,21
-18224,92,144,-625,-3,1,263,-92,-14,21
-18112,91,144,-624,-4,1,262,-98,-9,26
-18240,92,145,-626,-7,-1,262,-92,-15,22
-18224,91,144,-625,0,-7,269,-93,-14,22
-18224,92,144,-624,0,-1,262,-92,-13,22
-18176,92,143,-625,2,2,258,-93,-14,23
-18208,91,142,-625,-1,0,266,-95,-12,23
-18192,92,146,-625,3,-2,268,-97,-14,23
-18224,92,144,-625,-1,-2,262,-93,-14,22
-18224,93,146,-625,0,-2,258,-98,-14,21
-18192,93,144,-625,0,-5,255,-93,-13,22
-18240,92,144,-626,-2,-7,263,-92,-12,23
-18304,92,143,-624,0,-2,265,-88,-19,24
-18224,92,144,-625,-2,-3,262,-94,-9,18
-18240,92,145,-625,-5,-5,255,-93,-15,21
-18224,94,144,-626,0,-5,258,-93,-15,23
-18336,92,144,-625,0,-2,261,-95,-8,22
-18256,92,143,-625,-2,-5,263,-97,-16,22
-18240,92,144,-625,3,0,264,-95,-17,21
-18272,92,145,-624,-2,-6,262,-96,-17,21
-18224,93,145,-625,-2,0,261,-96,-11,22
-18288,92,144,-626,-2,-6,261,-91,-15,19
-18320,92,143,-625,2,-5,262,-94,-16,23
-18144,91,144,-626,-3,-5,261,-91,-14,18
-18176,92,144,-626,0,-4,262,-93,-15,23
-18288,93,145,-625,-3,-2,261,-94,-11,20
-18288,93,145,-625,0,-3,263,-96,-11,21
-18240,93,145,-625,-4,-6,262,-93,-13,18
-18224,92,144,-624,1,-3,263,-95,-14,24
-18224,91,143,-625,-1,-6,266,-96,-12,24
-18224,94,144,-625,-4,5,260,-92,-12,19
-18208,94,144,-624,-3,-1,263,-94,-12,25
-18192,91,145,-627,-1,-6,265,-94,-9,21
-18192,92,145,-625,0,-1,260,-91,-13,25
-18240,92,144,-624,-3,-5,261,-98,-12,19
-18224,93,143,-625,-1,-3,258,-97,-15,22
-18192,91,145,-625,-7,-4,262,-94,-13,21
-18256,93,144,-625,4,-6,263,-94,-17,22
-18320,93,144,-625,-3,-5,264,-93,-15,20
-18256,93,144,-625,1,0,261,-95,-7,18
-18192,92,145,-625,1,-8,267,-94,-13,23
-18240,92,144,-625,-1,-1,261,-96,-16,22
-18288,92,145,-625,-3,0,261,-94,-16,23
-18256,92,144,-625,0,-7,255,-91,-13,22
-18272,93,144,-626,0,-4,266,-97,-13,20
-18192,92,145,-625,-2,-1,264,-91,-17,21
-18240,93,144,-625,-1,-2,260,-97,-13,23
-18256,93,145,-624,-1,-5,258,-93,-13,17
-18320,92,144,-625,-2,-2,261,-93,-10,21
-18192,92,145,-625,-3,-5,264,-96,-14,22
-18224,92,143,-624,-3,-1,265,-95,-16,19
-18256,92,144,-625,1,-6,264,-93,-16,26
-18288,92,144,-624,1,-3,268,-95,-11,20
-18320,93,145,-626,-2,-5,265,-96,-11,22
-18224,92,144,-626,-4,1,262,-96,-16,21
-18288,94,145,-625,-2,-4,258,-95,-12,20
-18240,92,145,-627,3,-3,262,-93,-16,20
-18288,92,143,-625,-2,-3,258,-94,-11,22
-18272,92,145,-625,3,-6,265,-95,-14,19
-18272,92,145,-625,-2,-4,259,-99,-16,20
-18320,91,144,-625,-4,-5,263,-94,-15,23
-18256,94,144,-624,-1,-4,265,-92,-15,25
-18368,92,144,-626,-1,-6,262,-94,-14,20
-18336,92,145,-626,-2,-4,260,-94,-12,22
-18320,92,144,-625,-1,-8,260,-91,-10,24
-18240,93,144,-625,3,-1,262,-94,-14,20
-18304,93,144,-626,0,3,262,-94,-12,22
-18336,91,144,-625,-2,-5,260,-94,-14,20
-18272,93,143,-626,-4,-2,258,-92,-10,22
-18304,93,145,-625,0,-2,263,-91,-14,24
-18288,94,144,-624,0,-1,259,-95,-14,26
-18304,94,144,-625,-4,-4,263,-94,-15,22
-18320,93,144,-626,-1,-3,260,-97,-10,22
-18304,93,145,-627,2,-3,264,-95,-13,18
-18320,94,144,-626,-2,-6,259,-90,-16,23
-18352,92,144,-626,-3,2,261,-95,-15,25
-18384,92,145,-626,-3,-3,261,-98,-12,22
-18256,93,145,-626,-3,-6,262,-93,-11,21
-18288,92,143,-626,0,-2,259,-95,-13,19
-18256,92,144,-625,-1,-5,261,-95,-14,22
-18336,93,143,-626,-4,-6,262,-93,-15,26
-18256,93,145,-625,-1,-2,265,-90,-17,20
-18272,92,145,-625,3,-2,265,-95,-13,28
-18288,92,144,-626,-1,-6,264,-91,-15,26
-18256,91,143,-626,0,-8,263,-93,-9,19
-18368,93,144,-626,0,-4,265,-92,-13,22
-18240,92,145,-626,-3,-4,265,-96,-14,19
-18320,93,144,-625,-1,-5,259,-94,-12,22
-18240,93,144,-625,-3,-4,265,-91,-12,21
-18272,91,145,-626,-1,-3,261,-94,-13,21
-18288,92,143,-625,-2,-3,262,-92,-15,21
-18336,92,146,-626,-2,-1,262,-94,-10,24
-18256,93,144,-626,0,-4,261,-95,-16,21
-18272,92,144,-625,1,-1,262,-94,-14,23
-18288,92,145,-627,-3,-3,260,-93,-14,15
-18224,91,144,-626,-2,-3,261,-98,-17,20
-18272,92,144,-626,-2,-1,264,-96,-12,25
-18352,93,145,-626,-6,-2,258,-99,-10,22
-18240,93,145,-625,-2,-10,264,-94,-12,22
-18288,92,145,-625,3,-6,259,-92,-16,19
-18256,93,145,-626,-4,-5,263,-96,-12,23
-18400,92,145,-626,2,0,263,-95,-12,22
-18224,93,144,-625,-1,-5,260,-94,-13,22
-18288,93,144,-626,0,-8,266,-99,-14,22
-18256,93,144,-626,-1,-4,260,-95,-10,22
-18288,94,145,-627,-2,-4,260,-99,-15,21
-18320,94,144,-626,-1,-6,267,-98,-14,24
-18272,92,144,-626,-3,-7,261,-95,-13,20
-18272,94,142,-625,1,-6,259,-93,-11,20
-18224,93,144,-626,1,-2,261,-91,-12,23
-18304,93,144,-627,-1,-3,261,-93,-11,22
-18304,92,144,-626,2,2,258,-96,-13,23
-18384,93,145,-626,-3,2,262,-94,-16,23
-18400,93,143,-627,2,-1,256,-94,-14,26
-18336,92,143,-628,-3,-2,263,-95,-11,22
-18288,91,145,-625,0,-2,261,-90,-13,20
-18272,93,144,-626,-8,-2,257,-92,-18,25
-18368,92,145,-627,-6,-2,260,-96,-14,21
-18352,92,144,-627,0,-3,259,-93,-13,23
-18272,93,144,-626,-4,-6,264,-92,-13,26
-18288,91,144,-627,0,-3,261,-97,-12,18
-18416,93,145,-626,-1,-4,264,-93,-17,22
-18256,92,145,-627,-2,3,263,-93,-10,19
-18368,92,145,-626,0,-1,260,-92,-12,20
-18400,95,145,-629,-1,-3,263,-93,-14,21
-18416,92,144,-626,-2,-1,260,-93,-13,22
-18432,93,145,-627,-1,-1,261,-93,-14,20
-18432,92,144,-627,-3,-1,261,-92,-11,22
-18368,93,143,-627,-4,-1,261,-94,-16,17
-18400,93,144,-626,-6,-3,254,-96,-15,20
-18400,92,143,-626,-2,-3,256,-97,-15,22
-18432,92,145,-628,-1,-4,261,-90,-14,20
-18352,93,145,-627,0,-8,265,-89,-15,22
-18352,92,144,-627,0,-2,262,-91,-11,19
-18400,94,145,-628,-3,-1,262,-91,-11,20
-18384,93,145,-627,0,-6,262,-93,-13,19
-18512,92,144,-627,-4,1,264,-93,-14,18
-18512,92,143,-627,0,-1,261,-91,-12,21
-18480,92,146,-627,-5,0,262,-93,-14,23
-18464,93,144,-627,-5,-3,260,-89,-16,19
-18384,92,144,-627,1,-3,265,-94,-17,22
-18496,93,145,-628,0,-8,264,-93,-14,27
-18320,93,145,-627,-3,-4,261,-93,-13,23
-18448,93,144,-628,-3,-3,263,-93,-13,24
-18512,94,144,-627,0,-6,258,-95,-14,22
-18384,92,145,-627,2,-7,263,-89,-14,22
-18464,93,144,-628,3,-1,271,-94,-13,20
-18464,92,144,-627,1,-5,260,-94,-12,24
-18448,92,145,-627,-6,-2,262,-94,-16,21
-18512,93,145,-628,-5,-8,262,-94,-9,21
-18368,93,145,-628,-1,-4,261,-94,-16,23
-18512,93,143,-626,-1,-4,263,-91,-15,24
-18480,93,145,-627,-1,-2,267,-92,-12,22
-18448,93,144,-627,-3,-3,260,-92,-17,19
-18432,94,145,-627,2,-7,264,-92,-12,24
-18448,92,144,-627,0,-3,262,-94,-16,24
-18448,93,144,-628,3,-4,265,-96,-15,23
-18448,93,144,-627,2,-6,263,-95,-18,21
-18432,93,144,-627,-1,-4,264,-97,-11,25
-18448,93,145,-627,-2,-1,263,-93,-12,23
-18416,92,143,-627,2,-4,265,-97,-13,23
-18528,93,144,-628,-4,-3,261,-88,-17,17
-18432,92,144,-627,-1,-1,265,-92,-14,23
-18560,93,146,-627,-1,-3,260,-94,-13,24
-18464,93,144,-627,-1,-1,263,-93,-14,17
-18480,93,143,-628,-1,2,263,-89,-14,23
-18480,93,145,-627,-2,-4,261,-94,-14,18
-18480,92,145,-628,3,-4,264,-93,-8,22
-18544,95,144,-626,4,-4,261,-95,-11,19
-18464,92,145,-627,-2,-4,264,-93,-15,23
-18464,93,143,-628,-1,1,260,-89,-15,20
-18448,92,144,-627,-3,-2,263,-96,-12,21
-18448,93,145,-627,0,-7,264,-93,-15,22
-18512,93,145,-628,0,-6,262,-96,-14,18
-18512,94,145,-628,1,-2,265,-94,-14,21
-18480,92,144,-627,2,-5,264,-93,-11,24
-18480,92,144,-627,-1,-2,261,-91,-15,24
-18560,94,145,-627,-2,-3,262,-91,-14,25
-18512,93,145,-627,-1,-3,263,-91,-15,22
-18448,93,144,-627,3,-2,264,-93,-14,19
-18448,92,146,-626,-3,-5,263,-94,-12,20
-18496,93,145,-629,-3,-3,259,-92,-13,21
-18480,94,145,-627,-2,-4,266,-93,-13,22
-18512,92,144,-629,-4,-4,259,-91,-10,23
-18544,94,145,-627,-4,-5,265,-92,-15,20
-18496,93,144,-628,-1,-3,263,-91,-14,23
-18608,94,144,-630,-1,-4,262,-94,-11,23
-18560,93,144,-627,-2,-2,263,-91,-10,25
-18576,93,144,-627,-3,-4,257,-93,-10,22
-18480,93,145,-628,-4,-1,260,-91,-14,23
-18448,93,144,-628,-6,-3,263,-92,-17,23
-18640,92,144,-628,-2,-2,263,-92,-13,26
-18480,92,145,-629,-1,-1,262,-91,-15,21
-18656,93,145,-628,-3,-2,260,-95,-15,18
-18640,92,144,-631,1,-8,266,-93,-13,22
-18576,92,145,-628,3,-5,262,-92,-9,19
-18656,93,144,-628,-2,-3,260,-94,-13,23
-18576,92,143,-629,1,-4,256,-93,-12,23
-18624,93,145,-628,-5,-5,261,-92,-10,19
-18592,92,143,-628,0,3,263,-94,-15,21
-18592,92,144,-628,-2,-3,266,-91,-15,20
-18592,92,144,-629,0,-6,262,-95,-14,19
-18544,92,145,-628,0,-2,262,-90,-18,20
-18704,94,144,-628,-1,-6,259,-98,-10,24
-18544,91,144,-626,-2,1,265,-88,-17,23
-18640,93,145,-628,5,-2,266,-94,-17,19
-18656,92,145,-629,0,-3,260,-94,-15,21
-18592,93,144,-629,-1,0,266,-91,-16,20
-18640,94,144,-628,-1,-4,258,-91,-15,23
-18592,93,145,-627,-3,-4,260,-94,-11,20
-18464,93,144,-630,2,-2,264,-94,-9,20
-18576,94,145,-629,-6,-2,260,-94,-13,23
-18608,93,143,-629,-1,-6,259,-94,-18,20
-18544,92,144,-627,-4,0,262,-93,-11,22
-18624,93,143,-628,-1,-7,262,-95,-12,18
-18592,92,143,-629,-3,-2,262,-91,-10,20
-18576,94,146,-628,-2,-5,265,-94,-14,17
-18592,93,145,-628,2,-5,264,-90,-16,24
-18432,94,145,-627,-7,0,258,-93,-16,21
-18512,93,144,-628,5,-4,259,-93,-15,24
-18480,91,144,-628,-4,-4,257,-92,-13,23
-18480,93,145,-629,-3,-1,259,-92,-14,28
-18560,92,144,-628,-1,-1,260,-90,-12,24
-18480,93,144,-627,-1,-1,262,-92,-13,24
-18512,93,145,-628,-2,-2,263,-96,-17,23
-18608,92,144,-629,-3,-3,255,-95,-12,19
-18656,93,145,-628,0,-3,263,-96,-10,17
-18592,91,144,-629,-1,-8,261,-92,-16,19
-18576,93,146,-628,-3,-5,261,-94,-12,21
-18608,93,144,-628,-4,-1,265,-95,-15,26
-18608,94,143,-628,-3,-3,259,-95,-11,20
-18560,92,144,-628,-1,5,256,-91,-17,25
-18480,93,144,-627,0,-4,263,-88,-13,20
-18480,94,145,-629,0,-3,264,-92,-15,17
-18672,92,146,-629,-2,-4,264,-90,-18,21
-18544,92,144,-628,-5,-1,263,-95,-14,22
-18672,92,142,-629,-3,-3,261,-94,-12,25
-18560,93,144,-628,-6,-1,263,-90,-13,22
-18592,93,143,-629,-7,-4,261,-92,-12,25
-18688,93,145,-629,-2,-3,266,-92,-11,23
-18624,94,145,-628,-2,0,260,-98,-16,20
-18592,93,144,-628,-1,-4,261,-93,-15,19
-18576,92,145,-628,0,-6,261,-94,-14,23
-18640,93,144,-628,-1,-4,266,-93,-15,19
-18640,93,144,-628,-2,-2,264,-93,-13,24
-18544,92,145,-628,-4,-1,265,-96,-8,19
-18656,93,144,-628,-1,-2,267,-93,-17,22
-18544,94,146,-628,-1,-2,264,-94,-15,22
-18720,93,145,-628,0,-5,258,-92,-13,20
-18592,93,144,-629,-3,-2,261,-88,-14,23
-18752,94,145,-629,-3,-3,261,-92,-17,21
-18640,93,144,-629,2,-6,252,-93,-15,23
-18736,92,145,-629,0,-2,268,-93,-14,22
-18688,94,146,-630,-4,-7,264,-92,-13,24
-18720,94,145,-629,-3,-1,265,-91,-13,23
-18752,93,144,-630,3,-5,265,-92,-13,23
-18608,92,145,-628,0,-3,261,-95,-16,19
-18704,95,145,-628,0,-5,261,-92,-13,21
-18640,92,145,-628,1,-5,262,-91,-14,23
-18736,94,143,-629,-1,-1,263,-94,-14,23
-18784,92,145,-630,1,-1,265,-93,-12,21
-18848,93,143,-629,-2,0,265,-90,-12,19
-18704,93,144,-630,0,-4,261,-92,-15,23
-18736,93,144,-629,1,-5,266,-90,-10,24
-18736,94,145,-630,-1,-6,262,-92,-10,15
-18800,94,144,-630,-3,-5,263,-93,-16,18
-18784,93,146,-630,-1,-5,264,-90,-16,23
-18800,94,146,-631,-1,-7,261,-94,-12,20
-18736,94,146,-629,1,-5,261,-91,-16,18
-18800,93,146,-630,-7,-3,257,-96,-15,20
-18736,94,144,-630,-1,-4,264,-90,-14,22
-18816,92,144,-629,3,-6,265,-95,-16,20
-18800,94,145,-630,-2,-3,260,-92,-8,19
-18736,93,146,-630,0,-1,263,-88,-13,23
-18848,93,144,-630,-3,-2,259,-93,-16,22
-18736,93,146,-631,1,-6,264,-93,-13,22
-18736,94,144,-631,-3,-2,261,-96,-12,23
-18832,93,144,-630,-2,-2,265,-93,-14,22
-18880,94,145,-630,-1,-2,262,-91,-14,22
-18768,94,145,-630,-3,-3,262,-90,-15,21
-18800,94,145,-630,2,-8,260,-93,-13,23
-18816,93,144,-630,0,-4,263,-93,-11,21
-18848,94,145,-629,-6,-2,264,-93,-12,22
-18752,94,145,-630,1,-3,264,-91,-14,21
-18864,93,145,-629,0,-9,263,-91,-13,17
-18864,93,144,-630,1,-8,264,-94,-14,25
-18752,93,145,-630,-2,-6,261,-95,-16,21
-18768,93,143,-631,-1,-4,260,-90,-18,24
-18784,92,145,-630,0,-4,264,-94,-17,20
-18752,93,144,-629,-5,-2,263,-93,-14,18
-18784,94,145,-630,0,-3,260,-95,-16,20
-18864,93,144,-630,-5,-6,263,-92,-15,24
-18736,93,144,-631,-3,1,265,-91,-20,25
-18832,94,145,-631,2,-4,266,-92,-17,19
-18736,93,144,-630,-1,-4,264,-91,-16,20
-18960,93,144,-630,0,-4,262,-92,-11,23
-18768,94,145,-630,1,-2,261,-92,-13,23
-18816,93,144,-629,3,-7,266,-91,-11,21
-18848,93,144,-630,-2,-2,261,-91,-14,24
-18800,93,145,-630,-3,-1,261,-93,-15,21
-18896,94,145,-630,-1,-3,260,-95,-13,20
-19008,92,143,-630,0,-6,264,-93,-13,21
-18864,93,144,-631,-3,-6,260,-92,-10,22
-18768,92,145,-630,-1,-1,260,-92,-13,18
-18864,94,144,-631,-3,1,265,-92,-14,19
-18912,94,145,-629,-2,-1,265,-92,-14,19
-18848,93,144,-629,-4,-4,258,-90,-11,22
-18800,92,145,-631,2,-7,262,-94,-15,19
-18768,95,144,-630,-1,-3,259,-94,-15,19
-18784,94,144,-630,-1,-5,262,-91,-14,21
-18768,92,143,-629,-6,-1,263,-92,-13,24
-18736,92,143,-630,1,-4,263,-91,-13,23
-18736,93,143,-630,0,-8,263,-90,-15,20
-18784,94,145,-629,0,-2,262,-94,-12,22
-18768,92,144,-629,0,-1,261,-93,-18,19
-18768,93,144,-630,-4,-3,263,-91,-17,23
-18736,94,144,-630,-2,-1,266,-92,-15,24
-18800,94,145,-629,-3,0,267,-97,-16,20
-18736,93,142,-629,0,-2,265,-93,-16,19
-18736,93,144,-630,1,-6,265,-92,-15,17
-18704,93,144,-630,1,-3,263,-94,-14,22
-18800,92,145,-629,3,-5,262,-97,-15,21
-18896,94,143,-629,-1,-6,263,-91,-11,20
-18784,93,144,-629,-2,-9,261,-89,-16,18
-18736,93,145,-627,-6,-1,263,-96,-14,25
-18704,93,145,-630,-1,-4,271,-95,-15,25
-18736,93,144,-629,-4,-4,267,-93,-15,21
-18736,93,145,-628,-1,-1,259,-97,-15,23
-18736,93,145,-629,1,-5,264,-91,-18,20
-18704,94,145,-629,-2,-3,266,-90,-10,23
-18736,93,144,-628,1,-9,265,-93,-16,24
-18736,92,144,-627,-6,-3,265,-91,-17,19
-18688,93,145,-630,3,-5,257,-93,-14,22
-18736,92,145,-630,0,-3,263,-93,-13,22
-18768,92,143,-629,0,-5,265,-93,-17,22
-18768,93,144,-629,-4,-5,264,-96,-14,22
-18832,93,145,-629,-1,-10,267,-90,-14,25
-18880,93,143,-629,0,-6,260,-91,-22,21
-18704,93,144,-629,-3,-2,261,-89,-14,20
-18848,93,143,-629,-3,-4,261,-89,-10,24
-18784,93,144,-629,-1,-7,264,-96,-19,20
-18768,94,144,-629,-2,-1,260,-95,-10,24
-18672,94,143,-629,2,-8,268,-93,-14,21
-18736,94,146,-630,-3,-3,257,-89,-14,24
-18768,92,144,-628,0,-6,261,-93,-12,21
-18736,94,144,-629,1,6,256,-93,-14,22
-18752,94,144,-628,-2,-1,260,-92,-13,27
-18736,93,144,-628,-1,-4,261,-95,-16,23
-18784,92,145,-629,-1,-2,264,-95,-15,20
-18816,94,144,-629,5,2,265,-94,-15,22
-18688,92,145,-628,-2,1,261,-94,-15,19
-18688,93,146,-629,1,-5,263,-96,-13,23
-18832,92,144,-629,-3,-1,260,-93,-13,21
-18752,92,144,-629,-4,-7,269,-93,-15,21
-18752,93,146,-629,2,-3,264,-95,-13,25
-18800,94,146,-629,-3,-2,260,-95,-18,21
-18848,93,144,-629,-3,-5,263,-94,-13,23
-18784,93,144,-629,-3,-1,257,-89,-17,21
-18752,94,144,-629,3,-1,262,-93,-14,19
-18784,94,144,-629,-2,-4,265,-89,-15,25
-18832,93,145,-629,3,-2,263,-91,-13,21
-18864,94,145,-629,-1,-3,264,-96,-11,21
-18768,93,142,-629,-2,-3,259,-93,-9,25
-18736,93,144,-628,3,-6,265,-95,-14,22
-18784,92,144,-630,-1,-5,256,-93,-12,21
-18752,93,144,-630,-2,-2,263,-91,-16,23
-18768,93,145,-628,-1,-2,261,-92,-15,21
-18704,92,144,-629,1,-5,264,-92,-14,22
-18784,92,143,-628,2,-4,262,-94,-18,23
-18800,93,144,-629,0,-5,262,-96,-16,18
-18704,95,144,-630,0,-3,266,-94,-14,22
-18752,94,144,-629,-3,-5,262,-90,-13,23
-18736,94,145,-629,-3,-4,262,-94,-13,20
-18688,93,145,-629,-5,-3,262,-93,-13,23
-18768,93,143,-628,2,-1,265,-91,-12,21
-18768,93,145,-629,-1,-6,261,-94,-13,21
-18736,93,144,-629,-5,-5,261,-96,-15,25
-18736,91,144,-630,-1,0,261,-97,-15,19
-18672,94,145,-629,1,-2,263,-90,-11,22
-18800,94,144,-630,2,-5,267,-93,-16,23
-18768,93,145,-630,2,4,262,-92,-10,21
-18800,93,145,-630,-2,-2,263,-91,-13,21
-18720,94,144,-628,0,-2,264,-94,-15,26
-18704,93,145,-630,-1,-5,262,-96,-14,21
-18800,94,146,-630,-1,-4,259,-90,-13,24
-18736,93,143,-630,3,-7,262,-94,-11,20
-18800,93,142,-630,2,-3,262,-87,-14,23
-18704,92,145,-630,-4,-2,264,-91,-17,24
-18704,93,145,-630,1,-3,261,-92,-16,18
-18720,94,145,-630,-4,2,261,-89,-12,23
-18832,93,143,-631,-4,-4,266,-90,-12,21
-18880,93,145,-630,-1,-7,261,-91,-15,21
-18736,93,145,-629,-1,-3,258,-91,-16,20
-18832,94,144,-630,-4,1,262,-89,-11,17
-18864,93,145,-630,-3,-3,258,-92,-13,22
-18816,93,144,-630,-3,-5,263,-92,-13,22
-18784,94,145,-630,-2,-2,265,-90,-15,20
-18832,93,143,-630,3,-6,265,-91,-12,24
-18800,92,145,-630,0,-9,259,-89,-16,22
-18848,91,144,-630,-3,0,259,-95,-12,22
-16592,-486,-207,-317,5,-12,264,-94,-34,29
-16592,-486,-207,-317,5,-12,264,-91,-36,33
-16496,-482,-207,-329,9,-8,265,-95,-30,28
-16496,-482,-207,-329,9,-8,265,-92,-29,25
-16560,-485,-206,-329,9,-5,253,-96,-24,27
-16640,-485,-206,-329,10,-8,261,-99,-15,22
-16464,-482,-205,-331,3,-11,261,-102,-14,28
-16336,-486,-202,-338,3,-14,263,-96,-15,26
-16432,-484,-204,-330,4,-9,262,-97,-10,27
-16528,-485,-201,-339,4,-10,264,-100,-14,24
-16432,-484,-205,-330,5,-12,258,-99,-16,26
-16352,-484,-203,-330,5,-7,266,-101,-14,24
-16304,-485,-202,-337,4,-12,262,-105,-12,24
-16288,-481,-204,-329,7,-12,262,-101,-11,25
-16336,-481,-206,-329,3,-7,262,-96,-13,25
-16304,-481,-205,-330,7,-14,260,-99,-8,21
-16128,-485,-201,-338,3,-10,262,-98,-13,26
-16160,-481,-204,-329,6,-3,265,-101,-10,23
-16192,-482,-203,-330,6,-10,262,-103,-13,26
-16256,-483,-203,-329,3,-7,265,-103,-12,26
-16144,-481,-207,-331,9,-5,265,-99,-10,23
-16128,-481,-203,-330,4,-12,264,-101,-7,27
-16016,-482,-203,-328,3,-10,266,-100,-16,27
-16048,-482,-203,-336,5,-9,265,-100,-10,27
-15952,-483,-200,-337,3,-7,266,-102,-11,25
-15968,-479,-204,-332,0,-13,264,-97,-12,22
-15920,-481,-204,-329,2,-11,266,-97,-11,23
-15920,-481,-203,-332,3,-16,267,-100,-14,24
-15920,-481,-200,-333,6,-12,262,-99,-14,29
-15808,-481,-204,-330,6,-5,262,-98,-15,30
-15840,-481,-203,-333,6,-12,264,-102,-12,26
-15792,-477,-205,-329,3,-7,263,-98,-12,25
-15728,-482,-201,-338,5,-9,265,-100,-15,27
-15744,-481,-202,-332,3,-11,263,-102,-12,25
-15712,-481,-203,-332,3,-11,264,-104,-12,22
-15728,-479,-202,-330,5,-12,267,-101,-11,24
-15632,-483,-199,-339,5,-7,264,-96,-10,27
-15472,-479,-205,-329,3,-9,264,-104,-10,26
-15632,-482,-202,-332,3,-10,261,-100,-9,28
-15552,-479,-202,-328,6,-9,264,-99,-11,28
-15504,-478,-203,-329,-1,-13,261,-97,-12,28
-15392,-480,-202,-329,5,-10,265,-102,-10,28
-15408,-479,-202,-328,6,-10,264,-101,-10,27
-15376,-480,-202,-338,3,-13,260,-103,-14,23
-15376,-478,-204,-327,6,-7,265,-102,-11,23
-15392,-479,-205,-333,4,-10,262,-100,-13,24
-15376,-478,-201,-328,5,-10,261,-102,-12,27
-15184,-482,-199,-337,2,-11,259,-101,-11,25
-15344,-479,-203,-328,0,-5,267,-100,-8,27
-15184,-477,-203,-329,5,-7,264,-104,-12,26
-15184,-479,-201,-335,5,-8,263,-101,-10,26
-15120,-477,-201,-329,6,-8,262,-104,-11,25
-15120,-480,-201,-334,4,-7,265,-106,-12,28
-15120,-478,-199,-334,4,-10,263,-106,-9,23
-15072,-476,-200,-327,3,-16,264,-102,-6,27
-14928,-475,-202,-333,3,-9,268,-103,-11,28
-14912,-475,-203,-326,2,-10,268,-101,-14,25
-14800,-479,-200,-336,7,-4,269,-101,-11,28
-14944,-475,-200,-333,3,-8,264,-102,-12,30
-14784,-474,-201,-327,4,-16,263,-104,-6,23
-14688,-473,-202,-327,5,-12,263,-103,-12,29
-14640,-474,-201,-326,11,-8,261,-102,-13,27
-14656,-475,-200,-326,6,-2,271,-105,-11,30
-14512,-476,-198,-336,1,-5,273,-107,-15,29
-14608,-474,-199,-325,-6,-17,258,-100,-14,29
-14416,-474,-199,-324,-4,-9,278,-102,-11,26
-14448,-473,-201,-325,7,-3,270,-106,-12,25
-14464,-476,-199,-326,6,-5,271,-104,-11,29
-14320,-475,-199,-324,-2,-11,268,-103,-10,26
-14336,-475,-200,-329,2,-12,259,-107,-10,25
-14208,-475,-197,-324,0,-13,267,-101,-7,26
-14224,-476,-196,-329,5,-8,266,-102,-11,28
-14096,-476,-194,-332,5,-8,269,-108,-13,32
-14128,-476,-196,-331,5,-6,266,-107,-12,28
-14096,-474,-197,-324,8,-11,262,-104,-12,26
-14064,-471,-199,-327,4,-10,261,-106,-8,30
-13936,-471,-198,-324,2,-11,264,-98,-9,26
-14080,-474,-197,-335,3,-8,263,-104,-11,32
-13856,-472,-197,-324,2,-7,264,-104,-13,29
-13936,-468,-201,-323,7,-12,266,-108,-8,30
-13888,-474,-193,-334,4,-15,262,-109,-11,30
-13776,-470,-197,-324,1,-7,265,-110,-7,26
-13680,-473,-194,-329,5,-9,262,-103,-11,26
-13632,-472,-195,-332,3,-12,263,-108,-9,29
-13632,-470,-200,-324,4,-10,263,-107,-9,28
-13584,-469,-198,-323,7,-11,264,-104,-6,27
-13552,-473,-194,-332,5,-12,273,-107,-7,25
-13488,-472,-193,-325,2,-15,259,-110,-11,28
-13456,-469,-195,-327,5,-8,267,-105,-8,26
-13424,-471,-196,-330,0,-9,264,-105,-9,31
-13456,-469,-195,-324,0,-7,269,-107,-11,28
-13360,-468,-198,-324,1,-10,263,-106,-8,28
-13376,-472,-193,-332,3,-11,263,-105,-11,29
-13328,-468,-195,-323,4,-9,265,-112,-11,29
-13168,-468,-195,-322,4,-8,264,-113,-12,30
-13296,-472,-192,-327,6,-11,266,-102,-11,31
-13232,-467,-193,-322,1,-11,264,-106,-9,33
-13136,-467,-194,-322,3,-9,267,-109,-6,31
-13056,-471,-191,-330,3,-10,263,-109,-12,32
-13040,-468,-193,-322,3,-10,262,-107,-8,26
-12912,-466,-198,-322,2,-10,264,-110,-12,29
-12880,-470,-191,-329,6,-7,261,-108,-8,29
-12784,-466,-194,-321,2,-10,263,-106,-10,27
-12848,-469,-191,-323,5,-6,263,-109,-10,29
-12720,-467,-194,-327,3,-7,268,-112,-10,28
-12624,-467,-192,-321,1,-6,269,-107,-8,29
-12656,-465,-194,-321,2,-13,265,-108,-11,31
-12592,-468,-191,-328,7,-10,262,-106,-11,29
-12608,-466,-194,-322,4,-9,264,-109,-10,27
-12448,-464,-192,-319,5,-7,262,-110,-8,30
-12384,-468,-191,-328,4,-12,257,-111,-10,33
-12416,-465,-192,-320,-1,-4,256,-107,-9,30
-12368,-465,-191,-320,3,-8,261,-107,-5,31
-12368,-468,-190,-328,3,-7,261,-110,-9,30
-12304,-464,-193,-323,3,-8,262,-108,-8,30
-12336,-463,-191,-318,4,-7,263,-107,-8,27
-12240,-466,-188,-326,5,-8,266,-109,-8,34
-12096,-461,-193,-319,2,-7,261,-112,-4,29
-12112,-461,-194,-318,5,-11,264,-110,-11,29
-12048,-463,-191,-328,8,-11,261,-117,-10,30
-12128,-462,-191,-318,7,-11,261,-111,-9,25
-12048,-460,-193,-318,8,-8,261,-112,-10,32
-11920,-466,-189,-326,6,-11,262,-109,-5,30
-12016,-462,-190,-317,3,-3,263,-114,-10,30
-11824,-461,-191,-318,10,-2,265,-112,-6,31
-11840,-461,-190,-320,5,-11,262,-110,-6,28
-11792,-459,-191,-317,3,-4,264,-106,-7,29
-11920,-461,-190,-318,3,-7,263,-110,-6,32
-11744,-463,-189,-321,2,-6,260,-114,-7,31
-11632,-460,-192,-318,7,-8,263,-113,-5,28
-11680,-462,-190,-316,4,-18,262,-113,-7,27
-11648,-463,-186,-325,5,-8,262,-114,-10,32
-11600,-459,-191,-319,4,-10,263,-112,-7,29
-11584,-459,-190,-316,4,-7,260,-115,-7,30
-11536,-459,-190,-318,3,-8,257,-113,-5,30
-11584,-459,-189,-317,6,-9,266,-112,-8,29
-11536,-461,-188,-316,6,-2,262,-112,-9,32
-11488,-458,-189,-322,6,-10,267,-112,-12,24
-11408,-460,-190,-316,5,-8,261,-110,-10,32
-11456,-458,-189,-316,3,-7,260,-111,-6,33
-11312,-460,-187,-319,6,-9,266,-114,-7,34
-11312,-459,-189,-317,3,-8,267,-110,-9,30
-11328,-461,-187,-325,5,-11,264,-115,-9,30
-11296,-458,-189,-315,5,-2,262,-114,-7,32
-11280,-457,-189,-315,6,-7,260,-109,-4,31
-11296,-460,-188,-326,3,-9,260,-113,-3,30
-11168,-456,-190,-315,8,-11,266,-111,-6,35
-11168,-460,-188,-318,13,-9,262,-114,-4,29
-11184,-462,-184,-327,7,-6,264,-118,-7,33
-11120,-459,-187,-316,1,-3,257,-111,-8,31
-11056,-456,-188,-316,3,-6,262,-110,-7,31
-11072,-459,-185,-321,5,-6,268,-114,-7,33
-11136,-458,-189,-317,8,-6,263,-115,-5,30
-11152,-457,-187,-314,5,-6,262,-112,-6,34
-11024,-461,-186,-323,4,-8,261,-115,-7,29
-11008,-456,-188,-315,6,-10,265,-112,-8,40
-11008,-455,-190,-315,8,-8,261,-114,-8,29
-11024,-460,-186,-324,2,-4,262,-114,-8,29
-10928,-457,-188,-314,4,-5,269,-114,-11,29
-10864,-458,-185,-317,6,-9,261,-114,-9,35
-10912,-455,-191,-315,3,-7,263,-117,-9,31
-10816,-457,-188,-314,9,-7,264,-114,-9,30
-10832,-455,-186,-318,3,-3,260,-114,-3,34
-10832,-454,-188,-314,3,-3,265,-109,-7,33
-10864,-456,-186,-318,1,-7,257,-113,-8,32
-10864,-457,-184,-323,12,-12,269,-113,-9,30
-10800,-455,-186,-318,-2,-6,265,-115,-10,33
-10720,-453,-187,-315,9,-9,263,-111,-7,30
-10800,-454,-187,-314,3,-6,263,-112,-9,31
-10736,-456,-185,-315,2,0,259,-113,-7,31
-10688,-456,-186,-318,8,-14,265,-112,-3,32
-10608,-454,-187,-313,3,-4,259,-116,-4,29
-10544,-454,-188,-312,10,-10,259,-114,-6,34
-10608,-458,-184,-322,10,-6,260,-115,-7,33
-10640,-452,-186,-314,11,-9,271,-113,-6,29
-10656,-453,-185,-314,-3,2,257,-116,-9,32
-10544,-454,-184,-313,13,-15,257,-114,-7,33
-10560,-455,-187,-314,15,-21,257,-114,-9,30
-10512,-451,-190,-313,1,6,238,-113,-7,32
-10544,-454,-185,-313,0,-7,282,-112,-10,29
-10560,-453,-188,-313,29,-12,256,-116,-6,26
-10464,-454,-188,-316,1,6,248,-111,-11,35
-10496,-453,-185,-317,-1,-13,260,-116,-5,29
-10352,-452,-186,-312,-10,-10,279,-114,-4,29
-10400,-454,-184,-321,-6,-7,266,-115,-3,31
-10368,-453,-185,-316,2,-5,293,-115,-5,33
-10320,-451,-186,-314,-5,-12,267,-115,-6,33
-10448,-452,-186,-314,-1,-9,280,-115,-7,31
-10384,-453,-186,-313,3,-6,277,-112,-8,28
-10336,-453,-185,-317,-1,-4,261,-114,-3,30
-10416,-452,-185,-312,1,-5,253,-112,-6,33
-10336,-452,-185,-312,0,-5,283,-117,-4,33
-10272,-451,-188,-312,15,-9,260,-112,-6,32
-10240,-452,-186,-312,22,-17,257,-115,-4,34
-10320,-455,-183,-318,6,-1,258,-113,-7,32
-10224,-452,-186,-312,13,-4,277,-112,-4,30
-10176,-452,-188,-316,13,-19,258,-116,-7,30
-10208,-451,-186,-312,7,-3,269,-111,-1,27
-10304,-451,-183,-315,13,-9,272,-115,-9,33
-10160,-451,-184,-312,3,0,250,-116,-5,31
-10112,-450,-185,-312,8,-5,261,-115,-7,30
-10256,-451,-187,-312,4,-4,253,-120,-5,33
-10032,-451,-184,-311,9,-12,259,-115,-4,32
-10112,-450,-185,-314,5,-2,255,-116,-5,26
-10096,-453,-183,-316,2,-3,273,-114,-7,33
-10064,-449,-186,-312,1,-4,259,-115,-3,32
-10128,-450,-186,-311,1,-7,261,-115,-7,32
-10096,-452,-185,-314,6,-7,261,-117,-10,29
-10096,-449,-186,-310,9,-2,274,-116,-3,34
-10016,-449,-186,-317,15,-9,262,-115,-7,30
-10000,-449,-186,-312,6,0,267,-110,-8,32
-10032,-452,-184,-312,8,-10,258,-116,-7,33
-9904,-451,-186,-311,10,-1,260,-115,-4,32
-9840,-451,-185,-311,2,-1,261,-117,-7,29
-9904,-452,-183,-315,4,0,267,-118,-9,34
-9856,-450,-183,-312,5,-4,262,-115,-6,34
-9888,-450,-184,-313,4,-5,255,-114,-2,32
-9792,-452,-182,-318,5,-3,267,-118,-7,34
-10000,-453,-182,-314,8,-9,264,-114,-4,32
-9904,-451,-184,-318,8,-3,266,-115,-4,34
-9888,-450,-185,-310,9,-6,266,-115,-6,32
-9952,-450,-186,-310,19,-11,265,-115,-8,34
-9808,-450,-184,-312,8,-4,263,-117,-4,31
-9808,-451,-183,-315,3,-6,264,-117,-7,29
-9840,-448,-185,-311,3,-3,260,-113,-4,31
-9776,-448,-185,-310,7,-2,265,-118,-12,30
-9744,-450,-182,-314,7,-3,257,-120,-5,30
-9760,-450,-181,-315,5,-7,259,-115,-4,31
-9808,-451,-185,-314,6,-8,264,-114,-2,34
-9648,-448,-185,-311,3,-6,262,-118,-7,29
-9696,-449,-183,-310,7,-9,263,-115,-4,32
-9648,-449,-182,-311,8,-7,265,-119,-5,32
-9776,-447,-186,-310,7,-6,265,-115,-4,32
-9680,-448,-182,-311,6,-3,258,-118,-9,31
-9680,-449,-184,-310,4,-2,264,-117,-3,34
-9728,-449,-182,-310,6,1,260,-119,-4,36
-9696,-449,-182,-311,2,-7,260,-116,-4,32
-9552,-449,-181,-311,5,-8,263,-119,-9,29
-9632,-448,-183,-308,3,-1,259,-120,-10,29
-9520,-449,-183,-310,4,-2,262,-115,-4,32
-9520,-450,-182,-314,4,-4,260,-118,-1,31
-9616,-448,-184,-311,10,-3,261,-114,-6,30
-9584,-448,-182,-311,6,-4,260,-119,-8,32
-9520,-450,-185,-314,5,-4,260,-115,-4,35
-9568,-449,-183,-312,7,-7,263,-118,-11,32
-9552,-447,-186,-311,4,-9,259,-116,-3,32
-9488,-448,-183,-310,5,-2,260,-119,-6,29
-9520,-447,-184,-310,7,-11,260,-117,-6,33
-9552,-449,-183,-312,9,-3,268,-116,-3,31
-9584,-451,-179,-319,5,0,260,-121,-5,29
-9552,-447,-184,-311,7,-5,265,-116,-5,34
-9552,-453,-180,-320,9,-5,262,-119,-3,33
-9424,-449,-183,-311,7,-1,261,-116,-4,35
-9488,-448,-183,-312,1,-5,264,-118,-3,30
-9392,-448,-181,-310,3,-9,257,-121,-6,33
-9536,-451,-183,-318,4,-9,259,-118,-4,35
-9424,-446,-183,-312,6,-9,268,-116,-7,30
-9456,-449,-182,-316,4,-4,256,-118,-3,34
-9408,-448,-184,-307,6,-3,263,-120,-5,29
-9504,-447,-183,-312,7,-6,264,-119,-6,35
-9424,-447,-182,-311,6,-4,261,-118,-6,34
-9344,-448,-184,-310,9,-5,262,-117,-7,33
-9376,-445,-186,-313,3,-8,262,-117,-10,33
-9424,-447,-181,-310,8,-5,262,-114,-5,32
-9312,-446,-184,-311,5,-11,261,-116,-5,30
-9392,-448,-182,-309,5,-5,266,-116,-7,29
-9264,-448,-183,-307,7,-6,262,-115,-5,31
-9360,-449,-180,-311,5,-6,261,-118,-5,32
-9264,-447,-182,-310,5,-3,260,-116,-6,31
-9264,-448,-182,-309,6,-4,259,-120,-3,33
-9360,-449,-182,-308,6,-4,261,-114,-7,31
-9248,-445,-182,-311,5,-8,262,-117,-5,31
-9264,-450,-181,-317,8,-6,260,-116,-6,31
-9232,-446,-184,-309,6,-6,255,-117,-6,32
-9184,-448,-181,-308,5,-7,262,-118,-8,33
-9264,-448,-181,-315,9,-4,264,-117,-6,30
-9248,-446,-183,-309,6,-6,263,-117,-2,30
-9120,-448,-183,-317,9,-6,262,-120,-4,33
-9264,-446,-181,-308,11,-9,259,-117,-6,30
-9264,-445,-184,-312,1,-5,258,-122,-4,33
-9120,-446,-182,-310,8,-6,257,-117,-8,32
-9104,-445,-181,-313,8,-4,264,-120,-4,34
-9136,-445,-182,-314,5,-7,262,-115,-3,30
-9216,-447,-179,-319,10,-6,262,-116,-9,35
-9072,-447,-182,-311,6,-11,258,-117,-6,33
-9152,-450,-179,-319,5,-6,257,-115,-5,34
-9104,-444,-182,-309,7,-5,261,-112,-9,30
-9184,-447,-180,-317,4,-7,259,-115,-5,31
-9072,-443,-181,-308,9,-6,264,-118,-6,35
-9136,-449,-181,-316,8,-8,265,-119,-6,30
-9104,-447,-180,-311,6,-5,258,-116,-7,33
-9072,-446,-180,-316,5,-7,258,-118,-2,36
-9024,-443,-183,-310,5,-7,259,-112,-8,30
-9056,-447,-179,-315,9,-6,263,-116,-3,30
-9072,-443,-183,-308,11,-9,266,-116,-6,29
-9056,-446,-180,-316,7,-7,262,-118,-6,34
-9072,-446,-182,-307,5,-3,262,-119,-5,34
-9008,-444,-180,-310,9,-3,257,-116,-6,32
-9008,-445,-182,-306,6,-6,261,-123,-6,32
-8976,-447,-180,-314,4,-5,260,-119,-7,37
-9088,-448,-179,-315,6,-6,259,-116,-4,34
-9040,-448,-179,-315,8,-10,262,-114,-8,34
-9056,-445,-181,-307,6,-7,258,-118,-4,30
-9008,-446,-180,-314,8,-6,261,-116,-4,33
-8992,-445,-181,-307,8,-7,260,-115,-4,36
-8960,-447,-180,-314,6,-7,261,-116,-3,31
-8928,-444,-180,-307,7,-5,260,-114,-5,32
-8976,-448,-180,-316,8,-4,258,-115,-6,33
-8976,-445,-182,-308,4,-10,260,-119,-3,31
-8960,-449,-178,-316,4,-5,258,-120,-2,31
-8976,-446,-183,-308,5,-7,259,-115,-7,32
-8864,-443,-183,-307,8,-6,262,-118,-1,30
-8912,-444,-179,-310,8,-5,264,-116,-4,34
-8880,-445,-179,-309,7,-7,264,-114,-3,36
-8864,-445,-181,-308,8,-9,262,-121,-5,33
-8816,-448,-178,-315,5,4,250,-122,-5,37
-8784,-445,-182,-306,7,-6,257,-120,-5,35
-8880,-447,-178,-315,5,-1,262,-120,-5,33
-8816,-443,-182,-306,5,-6,258,-118,-2,33
-8864,-445,-181,-315,9,-7,257,-118,-4,32
-8768,-445,-181,-314,4,-10,262,-119,-2,34
-8784,-445,-179,-309,6,-7,253,-117,-7,34
-8816,-445,-179,-310,7,-6,260,-115,-3,28
-8816,-447,-178,-316,2,-9,261,-116,-2,35
-8848,-444,-180,-306,5,-9,261,-118,-7,35
-8752,-446,-178,-315,5,-9,260,-116,-5,33
-8784,-442,-182,-307,5,-6,258,-117,-6,32
-8816,-447,-181,-310,7,-5,255,-122,-4,34
-8752,-442,-182,-307,7,-8,262,-119,-4,32
-8864,-446,-178,-316,7,-11,262,-121,-3,31
-8864,-444,-180,-308,6,-7,256,-119,-6,33
-8704,-449,-178,-315,5,-7,256,-119,-6,29
-8752,-446,-176,-315,8,-9,255,-119,-7,34
-8848,-447,-179,-315,7,-10,262,-120,-7,35
-8752,-445,-180,-307,7,-10,262,-117,-4,29
-8656,-443,-180,-308,8,-7,257,-121,-1,36
-8800,-443,-179,-307,7,-11,260,-122,-5,32
-8720,-446,-176,-316,8,-5,260,-121,-3,36
-8704,-442,-183,-305,7,-8,259,-119,-6,34
-8720,-445,-179,-314,2,-3,271,-120,1,31
-8736,-442,-181,-306,10,-7,263,-120,-3,31
-8752,-444,-179,-315,6,-6,259,-120,-3,34
-8752,-445,-180,-314,5,-10,260,-115,-3,32
-8736,-446,-178,-315,8,-11,263,-121,-6,35
-8592,-446,-179,-314,3,-11,264,-119,-4,35
-8656,-443,-177,-314,7,-8,261,-118,-5,32
-8624,-444,-178,-308,6,-5,266,-121,0,37
-8768,-445,-178,-314,9,-8,261,-119,-3,36
-8560,-445,-181,-307,5,-8,260,-120,-2,34
-8592,-443,-180,-310,7,-9,257,-120,-5,34
-8512,-443,-178,-312,5,-10,262,-116,-3,32
-8528,-445,-178,-314,9,-3,261,-115,-3,36
-8592,-444,-178,-310,8,-9,257,-119,-1,33
-8544,-444,-178,-308,7,-11,262,-121,-4,35
-8624,-445,-180,-310,9,-2,262,-120,-2,35
-8608,-443,-180,-315,7,-6,254,-118,-8,33
-8528,-442,-182,-305,4,-10,261,-116,-3,32
-8592,-445,-179,-308,8,-12,263,-118,-2,37
-8560,-443,-179,-309,9,-9,264,-119,-3,33
-8544,-447,-179,-313,9,-5,257,-119,-4,27
-8528,-443,-180,-306,9,-7,262,-120,-6,37
-8464,-448,-177,-316,5,-6,256,-121,-9,33
-8496,-443,-179,-307,-2,-8,270,-118,-4,33
-8464,-446,-176,-314,7,-12,262,-117,-7,39
-8528,-443,-179,-307,9,-9,259,-118,-2,32
-8480,-444,-180,-315,5,-8,259,-121,-5,36
-8464,-445,-179,-310,7,-12,259,-118,-6,35
-8512,-445,-178,-315,6,-5,259,-120,-3,35
-8496,-441,-180,-307,6,-6,255,-115,-3,34
-8464,-445,-177,-313,6,-7,255,-120,-4,36
-8496,-441,-181,-312,9,-9,259,-118,-5,35
-8496,-441,-179,-308,3,-6,261,-116,-4,38
-8560,-440,-182,-306,5,-5,259,-119,-5,33
-8400,-445,-178,-315,6,-7,256,-120,0,32
-8480,-440,-180,-310,5,-9,258,-121,-4,37
-8400,-446,-178,-315,8,-1,260,-118,-2,33
-8448,-441,-180,-308,7,-6,257,-120,-2,39
-8480,-447,-179,-315,10,-5,260,-121,-4,34
-8384,-442,-178,-309,6,-4,258,-117,-4,36
-8416,-444,-178,-313,9,-9,258,-122,-4,36
-8320,-442,-179,-315,5,-10,256,-116,-3,34
-8448,-443,-178,-311,4,-6,258,-120,-4,38
-8288,-442,-177,-304,8,-8,260,-116,0,29
-8368,-443,-178,-313,6,-5,254,-120,-4,31
-8304,-442,-180,-306,4,-10,256,-122,-3,34
-8240,-444,-177,-314,11,-3,264,-120,-5,38
-8432,-442,-179,-309,8,-3,261,-121,-6,32
-8304,-439,-180,-307,4,-9,261,-119,-2,33
-8240,-444,-178,-308,7,-9,256,-122,-4,40
-8336,-442,-178,-307,7,-9,258,-119,-5,35
-8304,-441,-178,-305,6,-11,258,-120,-6,37
-8416,-443,-176,-314,10,-13,256,-119,-2,32
-8336,-440,-178,-311,6,-9,261,-122,-3,32
-8304,-443,-177,-314,4,-11,258,-120,-3,35
-8224,-441,-178,-309,8,-9,260,-119,-4,33
-8304,-445,-178,-316,5,-10,257,-121,-1,32
-8240,-441,-178,-310,7,-7,252,-121,-5,31
-8304,-445,-176,-315,9,-6,255,-119,-7,35
-8304,-441,-179,-310,5,-4,259,-113,-3,33
-8304,-445,-177,-313,9,-11,262,-118,-3,36
-8304,-440,-182,-306,9,-10,258,-118,-1,33
-8240,-442,-178,-315,8,-10,257,-120,-6,33
-8336,-441,-179,-307,8,-4,264,-119,-1,33
-8304,-441,-181,-308,6,-11,257,-122,-6,30
-8288,-443,-177,-310,8,-4,262,-120,-4,33
-8304,-441,-178,-308,4,-11,260,-122,-3,35
-8304,-439,-181,-304,6,-6,258,-122,-6,30
-8288,-443,-175,-317,7,-10,259,-116,-2,31
-8304,-442,-180,-307,5,-10,261,-120,-5,31
-8256,-444,-177,-314,8,-9,259,-122,-4,35
-8272,-441,-178,-306,8,-11,263,-120,-3,31
-8240,-445,-175,-314,5,-18,259,-124,-4,30
-8144,-441,-180,-305,7,-9,256,-122,0,34
-8240,-444,-179,-314,9,-11,258,-116,-1,37
-8256,-442,-179,-310,6,-15,263,-120,-2,30
-8192,-444,-176,-316,6,-8,258,-121,-1,33
-8192,-442,-177,-307,5,-9,259,-123,-2,34
-8176,-444,-177,-313,6,-7,262,-119,-7,31
-8240,-440,-179,-305,5,-9,258,-116,-6,32
-8272,-440,-181,-309,8,-11,260,-121,-4,35
-8144,-439,-179,-308,3,-10,262,-118,-2,34
-8144,-442,-178,-304,7,-11,263,-119,-8,35
-8128,-441,-181,-303,4,-12,260,-124,-4,36
-8112,-442,-177,-310,7,-9,260,-119,0,36
-8176,-440,-179,-306,5,-11,259,-122,-1,30
-8224,-443,-178,-308,4,-15,262,-122,-1,35
-8240,-440,-178,-303,6,-7,262,-117,-5,34
-8208,-443,-176,-302,8,-12,261,-120,-8,35
-8192,-440,-179,-302,7,-10,260,-121,-6,34
-8112,-443,-178,-309,9,-8,260,-121,-2,38
-8080,-441,-177,-305,5,-9,261,-125,-3,34
-8048,-445,-174,-310,8,-7,267,-123,-3,31
-8144,-441,-179,-305,9,-3,258,-120,-3,34
-8080,-440,-180,-301,9,-9,259,-123,-8,36
-7984,-441,-177,-311,7,-8,260,-123,-5,35
-8016,-442,-176,-309,10,-7,255,-124,-2,35
-7984,-441,-177,-303,11,-5,258,-124,-2,33
-7984,-439,-179,-305,6,-14,261,-122,-1,31
-8128,-438,-178,-301,11,-6,258,-120,0,32
-8080,-440,-177,-307,10,-6,258,-123,-4,35
-8112,-441,-177,-303,5,-10,258,-126,-3,34
-8016,-440,-177,-301,8,-11,255,-122,-4,33
-8096,-442,-179,-302,10,-9,263,-123,-4,33
-8048,-442,-175,-310,5,-10,257,-121,-1,35
-8048,-439,-177,-300,9,-10,258,-118,-2,35
-8048,-440,-177,-307,4,-9,258,-120,-7,36
-8000,-439,-177,-300,10,-4,264,-119,-6,37
-7984,-441,-177,-305,7,-11,263,-122,-6,36
-8032,-438,-178,-300,6,-10,258,-118,-5,33
-7952,-438,-179,-303,10,-6,258,-123,-4,31
-7984,-440,-178,-296,9,-9,261,-119,-5,38
-7984,-439,-177,-296,10,-10,254,-121,-1,35
-7968,-441,-179,-299,5,-11,261,-120,-4,30
-7888,-440,-176,-305,10,-3,250,-123,-3,36
-8016,-440,-177,-301,12,-6,256,-119,-4,31
-7952,-439,-178,-298,6,-15,260,-120,-3,35
-8032,-441,-177,-307,7,-9,260,-123,-7,30
-7984,-438,-178,-298,7,-10,253,-121,-4,32
-7952,-440,-178,-297,8,-7,254,-122,-4,32
-8016,-443,-177,-305,2,-8,259,-121,-6,32
-7888,-439,-176,-301,5,-11,258,-119,-4,33
-7888,-440,-177,-303,6,-12,259,-117,0,35
-8016,-440,-177,-299,4,-14,259,-125,-3,31
-7984,-440,-178,-306,5,-12,263,-110,0,36
-7936,-442,-177,-299,8,-11,260,-115,0,33
-8000,-440,-176,-299,5,-11,255,-119,-4,33
-7984,-439,-179,-298,9,-8,260,-114,-7,33
-7952,-442,-175,-300,6,-14,260,-128,-2,29
-7936,-441,-177,-302,10,-8,255,-121,-3,33
-7984,-442,-176,-302,10,-11,253,-126,-7,35
-8032,-440,-178,-298,10,-6,257,-118,-3,35
-7952,-442,-176,-300,4,-14,263,-122,-5,37
-7936,-440,-179,-300,4,-7,256,-123,-5,32
-7888,-440,-178,-299,9,-14,256,-122,-4,32
-7984,-442,-177,-299,6,-11,262,-123,-2,37
-7984,-440,-176,-300,6,-11,261,-129,0,33
-8048,-441,-177,-299,14,-5,264,-138,-5,30
-7920,-441,-176,-302,8,-9,255,-133,-6,33
-7984,-440,-178,-299,9,-1,255,-123,0,35
-7952,-440,-176,-300,6,-11,262,-126,-4,26
-7936,-439,-179,-305,8,-6,258,-124,-4,32
-8016,-439,-178,-300,7,-11,265,-127,-4,36
-7872,-441,-177,-302,9,-12,260,-116,-6,37
-7888,-441,-178,-301,5,-13,267,-109,-3,28
-7968,-440,-178,-302,7,-10,256,-123,-4,33
-7952,-440,-179,-297,8,-13,254,-115,-7,34
-8000,-442,-178,-301,8,-6,257,-118,-4,32
-7984,-439,-180,-300,10,-9,259,-112,-2,38
-7920,-441,-177,-309,7,-9,254,-120,-2,33
-8000,-438,-179,-299,7,-5,261,-133,-4,34
-7824,-440,-179,-299,5,-11,254,-129,-6,32
-7968,-440,-178,-299,11,-6,254,-116,-4,29
-7952,-439,-179,-298,4,-10,261,-125,-1,34
-7920,-441,-178,-303,2,-11,259,-115,-5,31
-7824,-436,-179,-293,6,-13,260,-124,-3,32
-7792,-440,-177,-302,4,-10,257,-118,0,36
-7856,-438,-178,-298,4,-10,256,-115,-5,35
-7840,-440,-177,-299,5,-11,256,-116,-6,34
-7888,-439,-179,-295,11,-7,259,-116,-6,34
-7840,-440,-176,-296,7,4,260,-110,-5,35
-7712,-440,-176,-296,9,-10,257,-116,-3,30
-7824,-437,-178,-293,4,-14,260,-118,1,37
-7824,-440,-178,-295,10,-4,255,-116,-5,31
-7808,-440,-179,-299,14,-6,248,-121,-3,34
-7888,-440,-180,-297,9,-14,252,-129,-5,33
-7776,-437,-179,-296,9,-5,261,-124,-6,33
-7856,-436,-180,-297,4,-10,257,-128,-1,34
-7760,-440,-176,-301,10,-2,258,-122,-6,36
-7856,-439,-179,-299,7,-7,259,-127,-3,33
-7808,-437,-177,-299,9,-6,249,-126,-4,32
-7680,-438,-177,-295,5,-16,258,-126,-8,31
-7792,-438,-179,-299,11,-6,253,-129,-2,33
-7744,-437,-179,-301,6,-8,259,-127,0,35
-7824,-438,-180,-298,8,-9,254,-122,0,32
-7728,-436,-178,-296,8,-12,262,-125,-2,34
-7728,-438,-177,-297,6,-11,255,-136,-2,36
-7728,-438,-175,-300,11,-5,258,-119,-3,42
-7664,-438,-177,-299,3,-9,257,-127,-1,33
-7632,-436,-178,-299,8,-11,260,-140,-4,30
-7712,-438,-177,-294,11,-8,252,-114,-3,37
-7600,-439,-177,-295,7,-6,259,-118,-2,30
-7568,-437,-179,-300,12,-4,252,-134,0,31
-7680,-436,-179,-297,9,-10,257,-121,-1,35
-7680,-438,-177,-297,11,-11,268,-121,-2,37
-7664,-437,-177,-297,3,-12,264,-132,0,32
-7680,-437,-177,-297,3,-10,256,-127,0,35
-7744,-437,-178,-296,7,-14,258,-126,-3,32
-7680,-441,-175,-299,8,-11,260,-134,-4,32
-7696,-438,-176,-296,10,-1,260,-107,-3,34
-7712,-438,-175,-297,6,-12,260,-124,-3,33
-7600,-437,-179,-295,9,-9,256,-132,-2,36
-7680,-436,-180,-299,11,-9,258,-114,-2,37
-7680,-435,-177,-297,4,-9,260,-132,-5,29
-7632,-437,-177,-295,6,-11,256,-129,-6,37
-7536,-437,-177,-304,13,-5,256,-130,-3,33
-7616,-435,-178,-296,8,-8,259,-123,1,35
-7504,-440,-176,-297,7,-10,260,-127,-4,33
-7536,-439,-177,-299,6,-10,259,-133,3,33
-7536,-437,-179,-294,4,-12,256,-120,-3,38
-7568,-436,-176,-293,8,-11,264,-125,0,33
-7584,-435,-178,-297,8,-13,251,-142,-4,29
-7568,-437,-177,-300,9,-16,260,-119,-3,31
-7440,-436,-178,-296,5,-12,259,-107,1,33
-7472,-436,-179,-294,4,-16,263,-124,-5,35
-7568,-436,-177,-296,5,-12,263,-126,-5,32
-7472,-435,-179,-294,8,-12,257,-148,-1,28
-7536,-437,-177,-296,9,-4,259,-116,1,35
-7472,-435,-175,-298,12,-11,257,-117,-3,37
-7504,-435,-177,-299,4,-11,260,-128,1,33
-7328,-437,-175,-298,11,-10,256,-129,-2,32
-7280,-436,-176,-299,9,-10,259,-125,2,33
-7344,-435,-178,-300,5,-11,262,-123,-6,32
-7280,-436,-177,-297,9,-8,258,-124,5,35
-7248,-436,-175,-304,7,-12,263,-119,-3,38
-7312,-434,-176,-296,7,-12,259,-121,0,35
-7280,-435,-175,-295,3,-11,259,-117,-4,34
-7216,-436,-175,-298,8,-14,261,-106,-6,36
-7296,-435,-173,-296,5,-9,259,-128,-3,35
-7232,-436,-176,-297,7,-12,254,-128,-3,37
-7312,-436,-176,-300,8,-11,259,-119,-3,33
-7216,-434,-176,-297,5,-10,260,-133,-1,39
-7296,-433,-177,-302,4,-12,258,-137,-6,33
-7088,-434,-177,-297,10,-11,261,-123,-4,39
-7168,-436,-175,-295,2,-5,254,-130,-6,31
-7216,-435,-176,-298,7,-7,258,-130,2,33
-7072,-433,-176,-299,7,-13,262,-129,-4,34
-7168,-434,-176,-300,4,-10,258,-118,-4,29
-7120,-435,-175,-301,8,-10,255,-127,-5,31
-7072,-432,-177,-298,8,-11,254,-115,-1,36
-7056,-432,-175,-300,4,-8,263,-123,1,35
-7136,-437,-175,-301,5,-15,259,-118,-6,35
-7056,-437,-173,-297,6,-11,260,-128,-4,34
-7024,-436,-175,-302,7,-16,260,-119,-1,35
-7088,-432,-177,-299,6,-11,256,-125,-4,41
-7024,-432,-175,-296,7,-9,260,-114,-2,36
-6960,-435,-175,-298,5,-12,259,-113,-4,36
-7056,-434,-175,-300,4,-11,257,-128,-5,33
-7088,-432,-174,-300,4,-11,260,-124,0,34
-7024,-434,-177,-299,8,-7,256,-120,-1,36
-7024,-434,-175,-298,8,-9,254,-110,-1,38
-6992,-433,-175,-300,6,-15,257,-122,-2,36
-7120,-432,-176,-299,8,-13,262,-133,-1,31
-6992,-431,-176,-298,6,-10,256,-125,-1,28
-6960,-432,-176,-298,8,-11,259,-126,0,36
-6992,-433,-175,-297,6,-7,265,-126,-4,31
-6976,-433,-177,-299,8,-11,263,-128,-5,36
-6928,-432,-176,-298,10,-12,252,-125,-3,36
-7024,-432,-176,-296,9,-7,261,-126,-2,37
-6864,-434,-176,-300,9,-12,258,-129,-4,35
-6944,-432,-176,-300,11,-9,256,-120,-6,35
-6960,-432,-175,-302,8,-8,256,-136,-4,30
-6944,-434,-175,-300,8,-12,259,-117,-4,33
-7008,-432,-176,-298,11,-11,253,-112,0,38
-6848,-432,-176,-299,13,-6,253,-126,-1,33
-6928,-433,-174,-297,4,-15,261,-118,-6,31
-6960,-437,-172,-303,6,-13,258,-120,-3,32
-6960,-433,-176,-296,5,-13,257,-123,-4,37
-6944,-432,-174,-298,9,-11,258,-117,-5,35
-6976,-432,-175,-299,6,-12,262,-122,-1,36
-6960,-434,-174,-301,9,-11,256,-123,-3,38
-7024,-431,-175,-298,13,-8,254,-132,0,34
-6944,-431,-176,-297,9,-11,260,-125,-3,38
-6928,-433,-177,-295,9,-11,261,-126,0,34
-6976,-432,-177,-295,8,-13,256,-132,-2,34
-6960,-431,-176,-298,6,-11,259,-129,1,41
-6912,-432,-176,-296,12,-14,258,-127,-8,36
-6848,-433,-173,-295,9,-10,254,-119,0,39
-7008,-433,-173,-299,3,-11,261,-153,2,31
-6960,-435,-173,-297,7,-9,257,-122,-4,34
-6880,-432,-173,-294,8,-12,252,-127,-5,32
-6896,-433,-175,-298,5,-10,257,-128,-4,32
-6912,-433,-176,-294,7,-8,260,-126,-1,33
-6864,-434,-174,-301,5,-10,259,-130,-1,35
-6832,-432,-175,-297,10,-13,259,-119,0,32
-6880,-433,-174,-295,7,-11,257,-127,-4,30
-6928,-432,-173,-299,5,-12,259,-132,-2,36
-6832,-433,-175,-295,13,-14,260,-118,-2,35
-6928,-435,-171,-296,7,-12,261,-117,-4,38
-6944,-432,-178,-296,12,-15,259,-113,-3,33
-6896,-432,-177,-296,7,-8,260,-122,-3,34
-6896,-430,-175,-295,9,-10,260,-120,-6,36
-6960,-432,-175,-299,4,-7,258,-134,-4,40
-6880,-434,-172,-294,9,-15,256,-121,1,35
-6832,-433,-174,-299,7,-14,257,-128,-2,31
-6976,-433,-174,-296,9,-13,259,-120,1,34
-6992,-433,-174,-296,2,-11,253,-120,-4,34
-6832,-432,-174,-298,3,-10,257,-108,-3,38
-6768,-433,-174,-299,9,-10,257,-104,0,38
-6992,-433,-174,-299,7,-8,259,-121,-1,41
-6832,-431,-175,-296,5,-14,262,-123,0,32
-6832,-432,-175,-295,5,-10,259,-125,1,33
-6992,-432,-174,-294,8,-11,256,-134,-1,34
-6944,-433,-174,-295,4,-10,257,-119,-3,36
-6896,-433,-174,-305,7,-13,258,-117,0,36
-6928,-434,-173,-297,4,-9,261,-124,0,34
-6928,-431,-175,-300,9,-10,260,-126,-3,35
-6912,-432,-174,-299,6,-14,258,-122,-3,37
-6944,-435,-173,-297,9,-9,259,-130,-4,31
-6800,-432,-175,-298,9,-8,261,-123,0,34
-6848,-432,-176,-303,5,-13,257,-122,-2,36
-6864,-432,-174,-298,24,-14,262,-133,-3,29
-6832,-434,-174,-299,6,-7,259,-134,-3,35
-6912,-433,-173,-301,10,-8,256,-126,-2,33
-6768,-432,-175,-304,9,-13,262,-124,-1,34
-6928,-433,-173,-299,5,-11,258,-125,-3,35
-6816,-432,-175,-299,9,-12,258,-121,-3,32
-6816,-432,-177,-299,4,-17,262,-115,1,37
-6816,-432,-174,-298,10,-12,256,-122,1,35
-6832,-434,-174,-302,8,-9,256,-118,-3,39
-6816,-433,-175,-299,13,-8,257,-117,-4,33
-6960,-432,-173,-302,5,-10,262,-128,0,36
-6768,-431,-174,-304,7,-10,258,-129,-1,35
-6896,-432,-173,-297,8,-11,258,-116,-4,33
-6800,-433,-176,-296,5,-12,257,-130,3,34
-6896,-432,-175,-300,9,-12,262,-130,0,36
-6880,-431,-174,-298,11,-6,259,-120,-2,40
-6976,-435,-172,-300,8,-13,261,-126,2,35
-6928,-432,-176,-301,8,-13,259,-131,-1,36
-6800,-434,-172,-306,8,-14,259,-120,-2,29
-6800,-432,-172,-303,9,-13,255,-124,-1,36
-6816,-433,-173,-298,8,-11,258,-134,-1,31
-6768,-435,-175,-303,9,-10,260,-136,-1,33
-6928,-433,-173,-297,7,-14,260,-117,-6,36
-6880,-435,-172,-307,9,-8,257,-121,1,36
-6832,-434,-174,-301,11,-7,262,-129,-6,35
-6816,-433,-174,-297,6,-5,258,-127,-7,35
-6928,-431,-174,-300,7,-10,260,-136,-3,32
-6960,-433,-171,-304,5,-11,258,-121,-2,32
-6736,-431,-175,-299,5,-12,259,-122,-3,36
-6832,-433,-173,-297,10,-9,256,-116,-7,36
-6800,-431,-174,-297,7,-9,255,-135,-6,33
-6800,-432,-177,-297,4,-13,260,-120,-3,34
-6832,-433,-174,-301,8,-10,260,-123,0,38
-6736,-430,-174,-296,9,-12,261,-135,-3,33
-6832,-434,-172,-296,8,-11,261,-132,-2,37
-6912,-433,-174,-297,7,-11,260,-125,0,35
-6800,-431,-174,-302,11,-10,257,-119,-2,37
-6784,-432,-175,-300,6,-15,264,-133,-3,36
-6832,-431,-177,-300,7,-11,253,-120,-2,34
-6768,-431,-174,-299,9,-12,257,-132,-2,33
-6912,-431,-174,-299,11,-8,257,-120,-3,32
-6704,-431,-176,-302,10,-12,257,-121,-1,36
-6768,-431,-173,-298,8,-8,260,-133,0,38
-6832,-430,-174,-299,10,-9,258,-136,0,34
-6816,-433,-172,-302,7,-12,261,-117,1,35
-6768,-432,-174,-301,7,-10,253,-122,0,35
-6736,-433,-174,-300,6,-16,261,-127,-4,33
-6800,-429,-176,-302,5,-17,261,-120,-1,35
-6672,-432,-173,-303,6,-8,256,-133,1,34
-6736,-434,-173,-299,6,-8,259,-131,1,35
-6800,-435,-170,-308,8,-9,261,-133,-1,35
-6736,-432,-174,-303,6,-11,260,-138,-3,29
-6800,-431,-175,-301,8,-10,258,-120,0,37
-6864,-433,-173,-301,9,-13,260,-114,3,34
-6800,-435,-172,-306,2,-9,261,-117,-1,36
-6800,-432,-174,-305,12,-13,254,-134,-2,38
-6800,-435,-172,-303,7,-10,257,-122,-4,38
-6832,-431,-174,-301,5,-9,259,-117,-4,38
-6784,-433,-172,-303,8,-9,260,-115,-1,32
-6688,-430,-173,-302,8,-12,257,-102,-5,36
-6736,-433,-173,-299,8,-12,257,-120,-2,39
-6784,-433,-172,-299,6,-8,257,-128,-1,36
-6736,-429,-176,-299,8,-13,259,-113,2,36
-6736,-433,-172,-299,2,-14,264,-102,1,39
-6768,-433,-174,-298,6,-10,259,-113,-3,40
-6880,-430,-175,-302,10,-11,254,-130,0,31
-6800,-432,-174,-305,5,-10,260,-122,-1,34
-6736,-432,-175,-306,11,-11,256,-122,-3,30
-6768,-432,-173,-300,5,-12,258,-129,-3,32
-6784,-432,-173,-300,7,-14,259,-111,-1,42
-6704,-433,-174,-300,11,-10,266,-112,1,35
-6736,-431,-173,-303,8,-15,257,-120,-6,35
-6800,-430,-175,-302,7,-9,256,-124,-5,31
-6768,-432,-173,-301,10,-14,261,-125,-2,32
-6736,-430,-174,-300,9,-11,261,-130,-3,32
-6752,-431,-175,-304,4,-17,263,-134,-4,31
-6720,-432,-173,-300,6,-10,255,-129,-1,36
-6768,-434,-172,-308,10,-12,256,-122,-2,34
-6704,-433,-172,-307,8,-8,258,-133,-1,34
-6720,-436,-171,-309,10,-12,257,-132,-3,32
-6736,-430,-173,-305,5,-9,254,-130,-2,31
-6704,-433,-172,-309,6,-11,260,-119,0,36
-6848,-431,-171,-309,5,-10,259,-128,-4,38
-6672,-432,-175,-300,9,-13,260,-134,-5,33
-6768,-432,-174,-301,9,-6,256,-123,-7,37
-6736,-432,-174,-300,3,-8,259,-135,-2,34
-6704,-431,-173,-303,8,-9,261,-124,-1,32
-6736,-429,-175,-299,9,-10,255,-116,-1,36
-6736,-429,-177,-301,8,-13,259,-128,-3,35
-6704,-431,-175,-300,9,-8,257,-124,1,34
-6720,-431,-173,-299,9,-10,255,-125,-2,34
-6768,-430,-174,-300,10,-10,258,-127,-2,34
-6704,-432,-176,-308,5,-12,259,-131,-3,33
-6736,-428,-174,-303,6,-7,256,-112,-1,36
-6672,-430,-175,-301,4,-7,256,-127,-1,33
-6672,-430,-174,-304,6,-8,255,-127,-1,32
-6704,-430,-174,-301,8,-13,262,-133,-2,27
-6736,-431,-174,-301,5,-11,260,-128,-5,35
-6720,-432,-173,-306,6,-11,260,-138,1,35
-6736,-431,-173,-302,5,-15,262,-118,-4,35
-6784,-434,-171,-311,5,-13,259,-133,-3,35
-6704,-430,-172,-303,11,-10,254,-132,-2,31
-6768,-431,-176,-308,10,-16,264,-124,-3,31
-6752,-433,-172,-310,5,-10,253,-123,-1,37
-6688,-431,-173,-307,7,-12,260,-126,-5,33
-6704,-431,-174,-305,5,-10,260,-128,-1,37
-6800,-429,-175,-304,9,-16,261,-126,-2,33
-6768,-429,-176,-306,7,-13,261,-129,-2,32
-6800,-431,-174,-305,8,-13,255,-124,-1,37
-6736,-432,-175,-310,9,-9,257,-121,0,30
-6736,-431,-174,-304,5,-12,263,-124,-2,42
-6720,-432,-174,-303,9,-9,256,-126,-4,34
-6720,-433,-172,-307,5,-15,259,-125,-4,36
-6688,-431,-177,-304,5,-10,259,-125,-7,33
-6688,-432,-173,-304,5,-13,261,-122,-1,35
-6784,-429,-175,-305,7,-8,256,-121,-4,37
-6608,-430,-173,-303,10,-11,252,-127,1,38
-6704,-431,-176,-303,3,-11,259,-124,-1,37
-6784,-430,-176,-302,5,-9,260,-125,-2,34
-6752,-430,-175,-308,9,-8,260,-121,-2,32
-6656,-431,-176,-302,8,-12,258,-127,-5,32
-6688,-430,-176,-304,9,-18,260,-123,-4,37
-6736,-431,-175,-301,8,-9,259,-124,-3,37
-6672,-431,-173,-308,10,-12,257,-122,-2,36
-6704,-431,-173,-302,5,-7,258,-128,-1,35
-6688,-432,-172,-304,9,-14,257,-125,-4,34
-6704,-432,-174,-305,6,-9,261,-124,0,33
-6736,-431,-175,-304,4,-9,254,-122,-4,33
-6784,-429,-177,-303,5,-16,260,-124,2,34
-6672,-431,-174,-304,7,-14,260,-124,-1,36
-6688,-432,-173,-301,4,-9,258,-125,-3,37
-6704,-431,-174,-304,8,-12,257,-122,-4,32
-6608,-431,-174,-304,8,-12,261,-125,-6,36
-6768,-433,-175,-310,4,-7,259,-129,0,37
-6704,-431,-172,-302,8,-10,256,-133,4,35
-6736,-431,-173,-308,10,-10,260,-126,0,33
-6688,-432,-173,-302,3,-8,257,-124,-3,35
-6752,-434,-170,-310,3,-13,260,-120,-1,34
-6672,-431,-176,-304,6,-9,262,-122,0,34
-6736,-431,-174,-301,10,-13,259,-123,-4,33
-6704,-430,-175,-299,7,-11,258,-121,0,36
-6736,-430,-174,-306,5,-10,257,-123,-2,33
-6656,-431,-173,-304,7,-9,253,-128,-1,34
-6704,-431,-171,-307,7,-14,260,-127,-2,36
-6704,-432,-174,-302,5,-14,259,-124,-5,33
-6688,-432,-175,-300,7,-16,259,-124,4,34
-6720,-432,-172,-304,8,-9,259,-124,1,36
-6688,-432,-173,-306,4,-13,255,-126,-4,37
-6672,-431,-173,-302,8,-8,260,-123,-2,34
-6704,-430,-174,-301,4,-8,260,-124,-4,35
-6672,-429,-173,-305,7,-8,258,-124,-2,31
-6768,-435,-170,-309,9,-9,255,-125,-2,35
-6688,-432,-172,-302,12,-11,259,-127,-4,33
-6608,-432,-173,-312,9,-13,258,-127,-1,32
-6592,-431,-172,-302,8,-10,257,-121,0,37
-6576,-433,-172,-310,6,-10,255,-126,0,32
-6672,-433,-171,-309,10,-9,254,-123,-5,35
-6704,-431,-174,-304,7,-7,255,-123,-2,33
-6736,-430,-175,-301,10,-11,257,-126,-5,31
-6752,-431,-174,-302,9,-10,259,-125,-3,37
-6624,-431,-175,-302,9,-11,256,-126,-1,35
-6736,-434,-171,-311,8,-7,259,-121,1,37
-6752,-433,-172,-304,12,-4,252,-123,-8,36
-6752,-431,-173,-303,9,-13,263,-120,0,35
-6736,-432,-172,-301,4,-5,258,-122,-3,35
-6672,-435,-171,-307,9,-13,257,-125,-1,37
-6704,-432,-171,-301,7,-14,260,-127,-3,40
-6672,-434,-172,-309,11,-16,258,-123,-4,37
-6736,-432,-172,-305,10,-10,256,-127,-1,37
-6720,-432,-173,-301,2,-6,260,-124,-3,31
-6688,-431,-175,-300,6,-8,252,-123,-2,34
-6688,-432,-173,-304,7,-8,258,-127,0,37
-6688,-430,-173,-301,8,-11,258,-126,-3,32
-6688,-433,-171,-309,11,-13,257,-126,-1,34
-6752,-431,-173,-302,9,-15,261,-126,-2,37
-6704,-432,-174,-307,10,-10,251,-124,-2,37
-6672,-428,-175,-304,5,-12,258,-126,1,37
-6624,-431,-173,-306,6,-14,258,-126,-3,34
-6688,-432,-173,-300,8,-13,263,-125,0,36
-6752,-434,-171,-308,9,-9,255,-119,-6,32
-6672,-429,-174,-302,11,-12,255,-123,0,34
-6704,-434,-171,-310,3,-10,262,-126,-2,38
-6672,-430,-174,-301,7,-10,259,-126,-7,34
-6672,-434,-170,-308,9,-12,257,-123,-2,38
-6736,-431,-174,-309,4,-12,260,-125,0,32
-6688,-433,-170,-313,10,-8,255,-123,-2,33
-6656,-430,-173,-305,6,-13,261,-125,-3,34
-6720,-432,-172,-307,9,-14,260,-126,-1,35
-6672,-432,-172,-302,6,-11,265,-124,-5,35
-6576,-432,-172,-311,10,-6,253,-120,-5,34
-6640,-433,-171,-310,3,-7,257,-122,0,34
-6640,-431,-172,-314,8,-9,254,-125,-4,32
-6704,-432,-172,-306,3,-6,257,-129,2,37
-6608,-434,-170,-311,6,-13,261,-123,2,37
-6608,-430,-175,-302,5,-13,257,-124,-2,40
-6704,-434,-170,-313,4,-13,262,-125,-4,30
-6576,-431,-175,-305,8,-10,257,-123,-3,33
-6608,-434,-173,-309,11,-13,254,-125,-3,33
-6672,-431,-173,-303,10,-13,257,-124,-7,38
-6656,-431,-172,-308,6,-8,257,-124,0,34
-6480,-431,-173,-300,9,-16,259,-125,-1,33
-6624,-434,-169,-306,5,-11,255,-128,-5,36
-6672,-430,-175,-303,8,-8,258,-125,-4,36
-6592,-435,-170,-307,11,-6,252,-128,1,32
-6720,-430,-173,-302,9,-7,255,-124,-2,33
-6656,-432,-173,-309,9,-12,251,-126,2,31
-6576,-429,-174,-299,3,-9,260,-126,-6,33
-6592,-433,-172,-309,7,-12,255,-125,-1,32
-6576,-434,-170,-305,5,-1,259,-125,-1,32
-6704,-433,-173,-307,9,-9,259,-123,0,33
-6688,-431,-172,-302,12,-17,262,-127,-3,35
-6592,-434,-171,-308,9,-10,259,-124,-2,40
-6544,-429,-176,-301,10,-16,254,-126,-3,39
-6640,-436,-170,-308,7,-13,258,-129,1,30
-6544,-429,-173,-299,8,-14,260,-126,-3,31
-6656,-434,-173,-306,8,-7,256,-125,-1,33
-6560,-431,-173,-299,6,-7,258,-126,-3,33
-6608,-432,-172,-305,10,-11,257,-127,0,32
-6736,-431,-174,-304,11,-7,254,-124,-4,33
-6608,-431,-173,-305,11,-8,254,-126,0,36
-6576,-429,-173,-303,9,-9,255,-129,-4,35
-6544,-431,-174,-301,8,-17,261,-127,-1,33
-6560,-431,-171,-300,12,-10,253,-123,-2,35
-6592,-431,-174,-306,7,-5,265,-126,-3,33
-6544,-431,-172,-302,4,-12,257,-126,-3,39
-6528,-431,-171,-303,12,-9,254,-125,-4,33
-6720,-430,-176,-299,9,-8,254,-128,-4,33
-6640,-430,-173,-298,8,-13,258,-125,-2,32
-6640,-431,-172,-299,3,-12,258,-123,0,34
-6608,-434,-171,-307,9,-8,256,-124,-1,35
-6560,-432,-173,-298,8,-8,260,-124,-2,33
-6704,-432,-174,-306,3,-9,257,-124,-2,34
-6656,-432,-171,-306,8,-8,259,-122,-7,36
-6656,-435,-170,-309,6,-10,257,-125,0,36
-6560,-429,-173,-300,7,-10,260,-126,-2,34
-6544,-433,-174,-303,11,-11,256,-125,3,34
-6624,-431,-173,-302,7,-12,259,-121,0,34
-6608,-432,-173,-306,10,-8,255,-127,-2,35
-6624,-430,-175,-302,10,-10,255,-128,-5,35
-6576,-431,-172,-301,12,-5,257,-129,1,34
-6592,-430,-174,-300,4,-7,262,-125,-5,33
-6656,-435,-171,-309,8,-9,253,-123,-4,32
-6512,-431,-172,-300,4,-9,261,-126,1,39
-6624,-430,-172,-302,11,-10,253,-125,-1,36
-6592,-431,-173,-302,7,-5,255,-121,-6,36
-6624,-435,-170,-312,9,-10,257,-126,-3,37
-6544,-430,-173,-301,8,-19,262,-123,-2,33
-6640,-430,-173,-303,5,-8,257,-125,0,36
-6560,-434,-171,-307,4,-10,257,-124,-1,37
-6560,-434,-170,-311,7,-10,255,-124,-2,33
-6560,-430,-172,-304,7,-11,258,-126,-1,36
-6576,-430,-173,-307,8,-10,255,-126,0,35
-6544,-433,-174,-304,3,-15,263,-122,-1,35
-6608,-430,-174,-302,7,-13,254,-125,-2,31
-6512,-431,-173,-301,6,-7,253,-124,-4,32
-6544,-432,-172,-302,10,-10,254,-127,1,35
-6608,-430,-173,-299,6,-13,257,-129,0,34
-6576,-435,-173,-310,4,-12,259,-125,1,34
-6464,-429,-172,-302,9,-8,263,-127,-2,35
-6592,-431,-174,-302,9,-3,256,-125,-1,36
-6496,-430,-172,-299,10,-11,258,-123,0,33
-6528,-429,-172,-304,6,-11,259,-120,-2,30
-6528,-428,-174,-302,4,-11,259,-125,-3,30
-6576,-428,-173,-305,8,-13,256,-131,-3,34
-6544,-431,-172,-300,9,-8,261,-124,-1,35
-6480,-432,-171,-304,9,-11,256,-122,-3,39
-6480,-430,-172,-299,10,-10,258,-130,-3,30
-6544,-432,-172,-301,4,-12,261,-125,-5,32
-6512,-430,-171,-304,12,-5,255,-126,-1,36
-6560,-431,-171,-301,6,-11,260,-123,-2,35
-6512,-428,-172,-302,10,-16,258,-126,1,32
-6560,-431,-172,-300,11,-10,251,-127,0,32
-6512,-431,-173,-300,8,-4,254,-126,-2,34
-6560,-430,-172,-305,4,-6,259,-127,1,37
-6544,-431,-169,-304,5,-10,261,-124,0,38
-6576,-429,-173,-300,8,-12,255,-123,-5,31
-6400,-430,-175,-301,6,-7,257,-128,-3,33
-6464,-432,-170,-306,9,-10,258,-124,-2,33
-6448,-432,-170,-299,11,-8,256,-127,-4,37
-6544,-429,-174,-305,8,-10,254,-126,-2,36
-6528,-433,-169,-303,5,-6,257,-122,3,35
-6560,-431,-171,-301,2,-1,262,-125,1,35
-6480,-431,-173,-305,8,-11,256,-125,1,32
-6480,-430,-172,-305,8,-11,255,-125,2,35
-6480,-431,-171,-299,7,-16,262,-122,1,37
-6576,-434,-170,-307,10,-16,252,-124,1,36
-6432,-432,-170,-303,10,-9,249,-126,3,32
